Record Offset,Offset,Field Offset,Field,Value (HEX),Value,Used By Entries
4B78,4B78,00,Damage formula,00 00 00 00,0,02 0D 0E 12 14 15 19 1A 3B 3C 3F 40 41
4B78,4B7C,04,Hit type (element),01 00 00 00,1,02 0D 0E 12 14 15 19 1A 3B 3C 3F 40 41
4B78,4B80,08,"Reaction level, airborne target",03 00 00 00,3,02 0D 0E 12 14 15 19 1A 3B 3C 3F 40 41
4B78,4B84,0C,"Reaction level, grounded target",03 00 00 00,3,02 0D 0E 12 14 15 19 1A 3B 3C 3F 40 41
4B78,4B88,10,Hit mode,30 00 00 00,48,02 0D 0E 12 14 15 19 1A 3B 3C 3F 40 41
4B78,4B8C,14,"Power bonus, airborne target",00 00 00 00,0,02 0D 0E 12 14 15 19 1A 3B 3C 3F 40 41
4B78,4B90,18,Crit chance,00 00 00 00,0,02 0D 0E 12 14 15 19 1A 3B 3C 3F 40 41
4B78,4B94,1C,Crit bonus damage,00 00 00 00,0,02 0D 0E 12 14 15 19 1A 3B 3C 3F 40 41
4B78,4B98,20,"Min damage, airborne target",00 00 00 00,0,02 0D 0E 12 14 15 19 1A 3B 3C 3F 40 41
4B78,4B9C,24,"Max damage, airborne target",00 00 00 00,0,02 0D 0E 12 14 15 19 1A 3B 3C 3F 40 41
4B78,4BAC,34,Flags,00 00 00 00,0,02 0D 0E 12 14 15 19 1A 3B 3C 3F 40 41
4B78,4BB0,38,Flags,00 00 00 00,0,02 0D 0E 12 14 15 19 1A 3B 3C 3F 40 41
4B78,4BB4,3C,Copied to hit +0x68,00 00 00 00,0,02 0D 0E 12 14 15 19 1A 3B 3C 3F 40 41
4B78,4BB8,40,Reaction motion (levels 6/7),6E 00 00 00,110,02 0D 0E 12 14 15 19 1A 3B 3C 3F 40 41
4B78,4BBC,44,Power for special victims,01 00 00 00,1,02 0D 0E 12 14 15 19 1A 3B 3C 3F 40 41
4B78,4BC0,48,"Power bonus, grounded target",00 00 00 00,0,02 0D 0E 12 14 15 19 1A 3B 3C 3F 40 41
4B78,4BC4,4C,"Min damage, grounded target",00 00 00 00,0,02 0D 0E 12 14 15 19 1A 3B 3C 3F 40 41
4B78,4BC8,50,"Max damage, grounded target",00 00 00 00,0,02 0D 0E 12 14 15 19 1A 3B 3C 3F 40 41
4B78,4BCC,54,Recoil A,00 00 80 3F,1,02 0D 0E 12 14 15 19 1A 3B 3C 3F 40 41
4B78,4BD0,58,Recoil B,00 00 00 00,0,02 0D 0E 12 14 15 19 1A 3B 3C 3F 40 41
4B78,4BD4,5C,Reach,00 00 00 00,0,02 0D 0E 12 14 15 19 1A 3B 3C 3F 40 41
4B78,4BE0,68,Hit-count scale,00 00 00 00,0,02 0D 0E 12 14 15 19 1A 3B 3C 3F 40 41
4B78,4BE4,6C,Attack ID,00 00 00 00,0,02 0D 0E 12 14 15 19 1A 3B 3C 3F 40 41
4BE8,4BE8,00,Damage formula,00 00 00 00,0,01 0B 11 17 18
4BE8,4BEC,04,Hit type (element),01 00 00 00,1,01 0B 11 17 18
4BE8,4BF0,08,"Reaction level, airborne target",03 00 00 00,3,01 0B 11 17 18
4BE8,4BF4,0C,"Reaction level, grounded target",03 00 00 00,3,01 0B 11 17 18
4BE8,4BF8,10,Hit mode,30 00 00 00,48,01 0B 11 17 18
4BE8,4BFC,14,"Power bonus, airborne target",00 00 00 00,0,01 0B 11 17 18
4BE8,4C00,18,Crit chance,00 00 00 00,0,01 0B 11 17 18
4BE8,4C04,1C,Crit bonus damage,00 00 00 00,0,01 0B 11 17 18
4BE8,4C08,20,"Min damage, airborne target",00 00 00 00,0,01 0B 11 17 18
4BE8,4C0C,24,"Max damage, airborne target",00 00 00 00,0,01 0B 11 17 18
4BE8,4C1C,34,Flags,00 00 00 00,0,01 0B 11 17 18
4BE8,4C20,38,Flags,00 00 01 00,65536,01 0B 11 17 18
4BE8,4C24,3C,Copied to hit +0x68,00 00 00 00,0,01 0B 11 17 18
4BE8,4C28,40,Reaction motion (levels 6/7),6E 00 00 00,110,01 0B 11 17 18
4BE8,4C2C,44,Power for special victims,01 00 00 00,1,01 0B 11 17 18
4BE8,4C30,48,"Power bonus, grounded target",00 00 00 00,0,01 0B 11 17 18
4BE8,4C34,4C,"Min damage, grounded target",00 00 00 00,0,01 0B 11 17 18
4BE8,4C38,50,"Max damage, grounded target",00 00 00 00,0,01 0B 11 17 18
4BE8,4C3C,54,Recoil A,00 00 80 3F,1,01 0B 11 17 18
4BE8,4C40,58,Recoil B,00 00 00 00,0,01 0B 11 17 18
4BE8,4C44,5C,Reach,00 00 00 00,0,01 0B 11 17 18
4BE8,4C50,68,Hit-count scale,00 00 00 00,0,01 0B 11 17 18
4BE8,4C54,6C,Attack ID,01 00 00 00,1,01 0B 11 17 18
4C58,4C58,00,Damage formula,00 00 00 00,0,08 10 13 16
4C58,4C5C,04,Hit type (element),01 00 00 00,1,08 10 13 16
4C58,4C60,08,"Reaction level, airborne target",05 00 00 00,5,08 10 13 16
4C58,4C64,0C,"Reaction level, grounded target",05 00 00 00,5,08 10 13 16
4C58,4C68,10,Hit mode,30 00 00 00,48,08 10 13 16
4C58,4C6C,14,"Power bonus, airborne target",04 00 00 00,4,08 10 13 16
4C58,4C70,18,Crit chance,04 00 00 00,4,08 10 13 16
4C58,4C74,1C,Crit bonus damage,04 00 00 00,4,08 10 13 16
4C58,4C78,20,"Min damage, airborne target",00 00 00 00,0,08 10 13 16
4C58,4C7C,24,"Max damage, airborne target",00 00 00 00,0,08 10 13 16
4C58,4C8C,34,Flags,00 00 00 00,0,08 10 13 16
4C58,4C90,38,Flags,00 00 01 00,65536,08 10 13 16
4C58,4C94,3C,Copied to hit +0x68,00 00 00 00,0,08 10 13 16
4C58,4C98,40,Reaction motion (levels 6/7),6E 00 00 00,110,08 10 13 16
4C58,4C9C,44,Power for special victims,05 00 00 00,5,08 10 13 16
4C58,4CA0,48,"Power bonus, grounded target",04 00 00 00,4,08 10 13 16
4C58,4CA4,4C,"Min damage, grounded target",00 00 00 00,0,08 10 13 16
4C58,4CA8,50,"Max damage, grounded target",00 00 00 00,0,08 10 13 16
4C58,4CAC,54,Recoil A,00 00 80 3F,1,08 10 13 16
4C58,4CB0,58,Recoil B,00 00 00 00,0,08 10 13 16
4C58,4CB4,5C,Reach,00 00 00 00,0,08 10 13 16
4C58,4CC0,68,Hit-count scale,00 00 00 00,0,08 10 13 16
4C58,4CC4,6C,Attack ID,02 00 00 00,2,08 10 13 16
4CC8,4CC8,00,Damage formula,00 00 00 00,0,00 0A
4CC8,4CCC,04,Hit type (element),01 00 00 00,1,00 0A
4CC8,4CD0,08,"Reaction level, airborne target",03 00 00 00,3,00 0A
4CC8,4CD4,0C,"Reaction level, grounded target",03 00 00 00,3,00 0A
4CC8,4CD8,10,Hit mode,30 00 00 00,48,00 0A
4CC8,4CDC,14,"Power bonus, airborne target",02 00 00 00,2,00 0A
4CC8,4CE0,18,Crit chance,00 00 00 00,0,00 0A
4CC8,4CE4,1C,Crit bonus damage,00 00 00 00,0,00 0A
4CC8,4CE8,20,"Min damage, airborne target",00 00 00 00,0,00 0A
4CC8,4CEC,24,"Max damage, airborne target",00 00 00 00,0,00 0A
4CC8,4CFC,34,Flags,00 00 00 00,0,00 0A
4CC8,4D00,38,Flags,00 00 01 00,65536,00 0A
4CC8,4D04,3C,Copied to hit +0x68,00 00 00 00,0,00 0A
4CC8,4D08,40,Reaction motion (levels 6/7),6E 00 00 00,110,00 0A
4CC8,4D0C,44,Power for special victims,01 00 00 00,1,00 0A
4CC8,4D10,48,"Power bonus, grounded target",02 00 00 00,2,00 0A
4CC8,4D14,4C,"Min damage, grounded target",00 00 00 00,0,00 0A
4CC8,4D18,50,"Max damage, grounded target",00 00 00 00,0,00 0A
4CC8,4D1C,54,Recoil A,00 00 80 3F,1,00 0A
4CC8,4D20,58,Recoil B,00 00 00 00,0,00 0A
4CC8,4D24,5C,Reach,00 00 00 00,0,00 0A
4CC8,4D30,68,Hit-count scale,00 00 00 00,0,00 0A
4CC8,4D34,6C,Attack ID,03 00 00 00,3,00 0A
4D38,4D38,00,Damage formula,00 00 00 00,0,06
4D38,4D3C,04,Hit type (element),01 00 00 00,1,06
4D38,4D40,08,"Reaction level, airborne target",05 00 00 00,5,06
4D38,4D44,0C,"Reaction level, grounded target",05 00 00 00,5,06
4D38,4D48,10,Hit mode,30 00 00 00,48,06
4D38,4D4C,14,"Power bonus, airborne target",06 00 00 00,6,06
4D38,4D50,18,Crit chance,04 00 00 00,4,06
4D38,4D54,1C,Crit bonus damage,04 00 00 00,4,06
4D38,4D58,20,"Min damage, airborne target",00 00 00 00,0,06
4D38,4D5C,24,"Max damage, airborne target",00 00 00 00,0,06
4D38,4D6C,34,Flags,00 00 00 00,0,06
4D38,4D70,38,Flags,00 00 00 00,0,06
4D38,4D74,3C,Copied to hit +0x68,00 00 00 00,0,06
4D38,4D78,40,Reaction motion (levels 6/7),6E 00 00 00,110,06
4D38,4D7C,44,Power for special victims,05 00 00 00,5,06
4D38,4D80,48,"Power bonus, grounded target",06 00 00 00,6,06
4D38,4D84,4C,"Min damage, grounded target",00 00 00 00,0,06
4D38,4D88,50,"Max damage, grounded target",00 00 00 00,0,06
4D38,4D8C,54,Recoil A,00 00 80 3F,1,06
4D38,4D90,58,Recoil B,00 00 00 00,0,06
4D38,4D94,5C,Reach,00 00 20 41,10,06
4D38,4DA0,68,Hit-count scale,00 00 00 00,0,06
4D38,4DA4,6C,Attack ID,04 00 00 00,4,06
4DA8,4DA8,00,Damage formula,00 00 00 00,0,3D
4DA8,4DAC,04,Hit type (element),01 00 00 00,1,3D
4DA8,4DB0,08,"Reaction level, airborne target",00 00 00 00,0,3D
4DA8,4DB4,0C,"Reaction level, grounded target",00 00 00 00,0,3D
4DA8,4DB8,10,Hit mode,30 00 00 00,48,3D
4DA8,4DBC,14,"Power bonus, airborne target",00 00 00 00,0,3D
4DA8,4DC0,18,Crit chance,00 00 00 00,0,3D
4DA8,4DC4,1C,Crit bonus damage,00 00 00 00,0,3D
4DA8,4DC8,20,"Min damage, airborne target",00 00 00 00,0,3D
4DA8,4DCC,24,"Max damage, airborne target",00 00 00 00,0,3D
4DA8,4DDC,34,Flags,00 00 00 00,0,3D
4DA8,4DE0,38,Flags,02 00 01 00,65538,3D
4DA8,4DE4,3C,Copied to hit +0x68,00 00 00 00,0,3D
4DA8,4DE8,40,Reaction motion (levels 6/7),6E 00 00 00,110,3D
4DA8,4DEC,44,Power for special victims,00 00 00 00,0,3D
4DA8,4DF0,48,"Power bonus, grounded target",00 00 00 00,0,3D
4DA8,4DF4,4C,"Min damage, grounded target",00 00 00 00,0,3D
4DA8,4DF8,50,"Max damage, grounded target",00 00 00 00,0,3D
4DA8,4DFC,54,Recoil A,00 00 80 3F,1,3D
4DA8,4E00,58,Recoil B,00 00 00 00,0,3D
4DA8,4E04,5C,Reach,00 00 00 00,0,3D
4DA8,4E10,68,Hit-count scale,00 00 00 00,0,3D
4DA8,4E14,6C,Attack ID,05 00 00 00,5,3D
4E18,4E18,00,Damage formula,00 00 00 00,0,3E
4E18,4E1C,04,Hit type (element),01 00 00 00,1,3E
4E18,4E20,08,"Reaction level, airborne target",03 00 00 00,3,3E
4E18,4E24,0C,"Reaction level, grounded target",03 00 00 00,3,3E
4E18,4E28,10,Hit mode,30 00 00 00,48,3E
4E18,4E2C,14,"Power bonus, airborne target",00 00 00 00,0,3E
4E18,4E30,18,Crit chance,C8 00 00 00,200,3E
4E18,4E34,1C,Crit bonus damage,04 00 00 00,4,3E
4E18,4E38,20,"Min damage, airborne target",00 00 00 00,0,3E
4E18,4E3C,24,"Max damage, airborne target",00 00 00 00,0,3E
4E18,4E4C,34,Flags,00 00 00 00,0,3E
4E18,4E50,38,Flags,00 00 00 00,0,3E
4E18,4E54,3C,Copied to hit +0x68,00 00 00 00,0,3E
4E18,4E58,40,Reaction motion (levels 6/7),6E 00 00 00,110,3E
4E18,4E5C,44,Power for special victims,01 00 00 00,1,3E
4E18,4E60,48,"Power bonus, grounded target",00 00 00 00,0,3E
4E18,4E64,4C,"Min damage, grounded target",00 00 00 00,0,3E
4E18,4E68,50,"Max damage, grounded target",00 00 00 00,0,3E
4E18,4E6C,54,Recoil A,00 00 80 3F,1,3E
4E18,4E70,58,Recoil B,00 00 00 00,0,3E
4E18,4E74,5C,Reach,00 00 20 41,10,3E
4E18,4E80,68,Hit-count scale,00 00 00 00,0,3E
4E18,4E84,6C,Attack ID,06 00 00 00,6,3E
4E88,4E88,00,Damage formula,04 00 00 00,4,07
4E88,4E8C,04,Hit type (element),01 00 00 00,1,07
4E88,4E90,08,"Reaction level, airborne target",05 00 00 00,5,07
4E88,4E94,0C,"Reaction level, grounded target",05 00 00 00,5,07
4E88,4E98,10,Hit mode,30 00 00 00,48,07
4E88,4E9C,14,"Power bonus, airborne target",0A 00 00 00,10,07
4E88,4EA0,18,Crit chance,00 00 00 00,0,07
4E88,4EA4,1C,Crit bonus damage,00 00 00 00,0,07
4E88,4EA8,20,"Min damage, airborne target",00 00 00 00,0,07
4E88,4EAC,24,"Max damage, airborne target",00 00 00 00,0,07
4E88,4EBC,34,Flags,00 00 00 00,0,07
4E88,4EC0,38,Flags,06 00 01 00,65542,07
4E88,4EC4,3C,Copied to hit +0x68,00 00 00 00,0,07
4E88,4EC8,40,Reaction motion (levels 6/7),6E 00 00 00,110,07
4E88,4ECC,44,Power for special victims,05 00 00 00,5,07
4E88,4ED0,48,"Power bonus, grounded target",0A 00 00 00,10,07
4E88,4ED4,4C,"Min damage, grounded target",00 00 00 00,0,07
4E88,4ED8,50,"Max damage, grounded target",00 00 00 00,0,07
4E88,4EDC,54,Recoil A,00 00 00 00,0,07
4E88,4EE0,58,Recoil B,00 00 00 00,0,07
4E88,4EE4,5C,Reach,00 00 48 43,200,07
4E88,4EF0,68,Hit-count scale,00 00 00 00,0,07
4E88,4EF4,6C,Attack ID,07 00 00 00,7,07
4EF8,4EF8,00,Damage formula,00 00 00 00,0,03
4EF8,4EFC,04,Hit type (element),0A 00 00 00,10,03
4EF8,4F00,08,"Reaction level, airborne target",03 00 00 00,3,03
4EF8,4F04,0C,"Reaction level, grounded target",03 00 00 00,3,03
4EF8,4F08,10,Hit mode,08 00 00 00,8,03
4EF8,4F0C,14,"Power bonus, airborne target",04 00 00 00,4,03
4EF8,4F10,18,Crit chance,00 00 00 00,0,03
4EF8,4F14,1C,Crit bonus damage,00 00 00 00,0,03
4EF8,4F18,20,"Min damage, airborne target",00 00 00 00,0,03
4EF8,4F1C,24,"Max damage, airborne target",00 00 00 00,0,03
4EF8,4F2C,34,Flags,00 00 00 00,0,03
4EF8,4F30,38,Flags,06 00 01 00,65542,03
4EF8,4F34,3C,Copied to hit +0x68,00 00 00 00,0,03
4EF8,4F38,40,Reaction motion (levels 6/7),6E 00 00 00,110,03
4EF8,4F3C,44,Power for special victims,05 00 00 00,5,03
4EF8,4F40,48,"Power bonus, grounded target",04 00 00 00,4,03
4EF8,4F44,4C,"Min damage, grounded target",00 00 00 00,0,03
4EF8,4F48,50,"Max damage, grounded target",00 00 00 00,0,03
4EF8,4F4C,54,Recoil A,00 00 80 3F,1,03
4EF8,4F50,58,Recoil B,00 00 80 3F,1,03
4EF8,4F54,5C,Reach,00 00 7A 43,250,03
4EF8,4F60,68,Hit-count scale,00 00 00 00,0,03
4EF8,4F64,6C,Attack ID,08 00 00 00,8,03
4F68,4F68,00,Damage formula,00 00 00 00,0,04
4F68,4F6C,04,Hit type (element),08 00 00 00,8,04
4F68,4F70,08,"Reaction level, airborne target",08 00 00 00,8,04
4F68,4F74,0C,"Reaction level, grounded target",08 00 00 00,8,04
4F68,4F78,10,Hit mode,30 00 00 00,48,04
4F68,4F7C,14,"Power bonus, airborne target",28 00 00 00,40,04
4F68,4F80,18,Crit chance,C8 00 00 00,200,04
4F68,4F84,1C,Crit bonus damage,00 00 00 00,0,04
4F68,4F88,20,"Min damage, airborne target",00 00 00 00,0,04
4F68,4F8C,24,"Max damage, airborne target",00 00 00 00,0,04
4F68,4F9C,34,Flags,00 00 00 00,0,04
4F68,4FA0,38,Flags,00 00 00 00,0,04
4F68,4FA4,3C,Copied to hit +0x68,00 00 00 00,0,04
4F68,4FA8,40,Reaction motion (levels 6/7),6E 00 00 00,110,04
4F68,4FAC,44,Power for special victims,07 00 00 00,7,04
4F68,4FB0,48,"Power bonus, grounded target",28 00 00 00,40,04
4F68,4FB4,4C,"Min damage, grounded target",00 00 00 00,0,04
4F68,4FB8,50,"Max damage, grounded target",00 00 00 00,0,04
4F68,4FBC,54,Recoil A,00 00 80 3F,1,04
4F68,4FC0,58,Recoil B,00 00 00 00,0,04
4F68,4FC4,5C,Reach,00 00 A0 41,20,04
4F68,4FD0,68,Hit-count scale,00 00 00 00,0,04
4F68,4FD4,6C,Attack ID,09 00 00 00,9,04
4FD8,4FD8,00,Damage formula,02 00 00 00,2,05
4FD8,4FDC,04,Hit type (element),08 00 00 00,8,05
4FD8,4FE0,08,"Reaction level, airborne target",03 00 00 00,3,05
4FD8,4FE4,0C,"Reaction level, grounded target",03 00 00 00,3,05
4FD8,4FE8,10,Hit mode,30 00 00 00,48,05
4FD8,4FEC,14,"Power bonus, airborne target",FA 00 00 00,250,05
4FD8,4FF0,18,Crit chance,C8 00 00 00,200,05
4FD8,4FF4,1C,Crit bonus damage,00 00 00 00,0,05
4FD8,4FF8,20,"Min damage, airborne target",00 00 00 00,0,05
4FD8,4FFC,24,"Max damage, airborne target",00 00 00 00,0,05
4FD8,500C,34,Flags,00 00 00 00,0,05
4FD8,5010,38,Flags,00 00 00 00,0,05
4FD8,5014,3C,Copied to hit +0x68,00 00 00 00,0,05
4FD8,5018,40,Reaction motion (levels 6/7),6E 00 00 00,110,05
4FD8,501C,44,Power for special victims,07 00 00 00,7,05
4FD8,5020,48,"Power bonus, grounded target",FA 00 00 00,250,05
4FD8,5024,4C,"Min damage, grounded target",00 00 00 00,0,05
4FD8,5028,50,"Max damage, grounded target",00 00 00 00,0,05
4FD8,502C,54,Recoil A,00 00 80 3F,1,05
4FD8,5030,58,Recoil B,CC CC 4C BE,-0.2,05
4FD8,5034,5C,Reach,00 00 20 41,10,05
4FD8,5040,68,Hit-count scale,00 00 00 00,0,05
4FD8,5044,6C,Attack ID,0A 00 00 00,10,05
5048,5048,00,Damage formula,00 00 00 00,0,0F
5048,504C,04,Hit type (element),01 00 00 00,1,0F
5048,5050,08,"Reaction level, airborne target",05 00 00 00,5,0F
5048,5054,0C,"Reaction level, grounded target",05 00 00 00,5,0F
5048,5058,10,Hit mode,30 00 00 00,48,0F
5048,505C,14,"Power bonus, airborne target",06 00 00 00,6,0F
5048,5060,18,Crit chance,04 00 00 00,4,0F
5048,5064,1C,Crit bonus damage,04 00 00 00,4,0F
5048,5068,20,"Min damage, airborne target",00 00 00 00,0,0F
5048,506C,24,"Max damage, airborne target",00 00 00 00,0,0F
5048,507C,34,Flags,00 00 00 00,0,0F
5048,5080,38,Flags,00 00 01 00,65536,0F
5048,5084,3C,Copied to hit +0x68,00 00 00 00,0,0F
5048,5088,40,Reaction motion (levels 6/7),6E 00 00 00,110,0F
5048,508C,44,Power for special victims,05 00 00 00,5,0F
5048,5090,48,"Power bonus, grounded target",06 00 00 00,6,0F
5048,5094,4C,"Min damage, grounded target",00 00 00 00,0,0F
5048,5098,50,"Max damage, grounded target",00 00 00 00,0,0F
5048,509C,54,Recoil A,00 00 80 3F,1,0F
5048,50A0,58,Recoil B,CC CC CC BE,-0.4,0F
5048,50A4,5C,Reach,00 00 A0 41,20,0F
5048,50B0,68,Hit-count scale,00 00 00 00,0,0F
5048,50B4,6C,Attack ID,0B 00 00 00,11,0F
50B8,50B8,00,Damage formula,00 00 00 00,0,09
50B8,50BC,04,Hit type (element),01 00 00 00,1,09
50B8,50C0,08,"Reaction level, airborne target",03 00 00 00,3,09
50B8,50C4,0C,"Reaction level, grounded target",03 00 00 00,3,09
50B8,50C8,10,Hit mode,30 00 00 00,48,09
50B8,50CC,14,"Power bonus, airborne target",00 00 00 00,0,09
50B8,50D0,18,Crit chance,00 00 00 00,0,09
50B8,50D4,1C,Crit bonus damage,00 00 00 00,0,09
50B8,50D8,20,"Min damage, airborne target",00 00 00 00,0,09
50B8,50DC,24,"Max damage, airborne target",00 00 00 00,0,09
50B8,50EC,34,Flags,00 00 00 00,0,09
50B8,50F0,38,Flags,00 00 01 00,65536,09
50B8,50F4,3C,Copied to hit +0x68,00 00 00 00,0,09
50B8,50F8,40,Reaction motion (levels 6/7),6E 00 00 00,110,09
50B8,50FC,44,Power for special victims,01 00 00 00,1,09
50B8,5100,48,"Power bonus, grounded target",00 00 00 00,0,09
50B8,5104,4C,"Min damage, grounded target",00 00 00 00,0,09
50B8,5108,50,"Max damage, grounded target",00 00 00 00,0,09
50B8,510C,54,Recoil A,00 00 80 3F,1,09
50B8,5110,58,Recoil B,00 00 00 00,0,09
50B8,5114,5C,Reach,00 00 F0 41,30,09
50B8,5120,68,Hit-count scale,00 00 00 00,0,09
50B8,5124,6C,Attack ID,0C 00 00 00,12,09
5128,5128,00,Damage formula,00 00 00 00,0,0C
5128,512C,04,Hit type (element),01 00 00 00,1,0C
5128,5130,08,"Reaction level, airborne target",03 00 00 00,3,0C
5128,5134,0C,"Reaction level, grounded target",03 00 00 00,3,0C
5128,5138,10,Hit mode,30 00 00 00,48,0C
5128,513C,14,"Power bonus, airborne target",00 00 00 00,0,0C
5128,5140,18,Crit chance,04 00 00 00,4,0C
5128,5144,1C,Crit bonus damage,04 00 00 00,4,0C
5128,5148,20,"Min damage, airborne target",00 00 00 00,0,0C
5128,514C,24,"Max damage, airborne target",00 00 00 00,0,0C
5128,515C,34,Flags,00 00 00 00,0,0C
5128,5160,38,Flags,00 00 00 00,0,0C
5128,5164,3C,Copied to hit +0x68,00 00 00 00,0,0C
5128,5168,40,Reaction motion (levels 6/7),6E 00 00 00,110,0C
5128,516C,44,Power for special victims,01 00 00 00,1,0C
5128,5170,48,"Power bonus, grounded target",00 00 00 00,0,0C
5128,5174,4C,"Min damage, grounded target",00 00 00 00,0,0C
5128,5178,50,"Max damage, grounded target",00 00 00 00,0,0C
5128,517C,54,Recoil A,00 00 80 3F,1,0C
5128,5180,58,Recoil B,00 00 00 00,0,0C
5128,5184,5C,Reach,00 00 20 41,10,0C
5128,5190,68,Hit-count scale,00 00 00 00,0,0C
5128,5194,6C,Attack ID,0D 00 00 00,13,0C
52E8,52E8,00,Damage formula,00 00 00 00,0,2D
52E8,52EC,04,Hit type (element),01 00 00 00,1,2D
52E8,52F0,08,"Reaction level, airborne target",03 00 00 00,3,2D
52E8,52F4,0C,"Reaction level, grounded target",03 00 00 00,3,2D
52E8,52F8,10,Hit mode,30 00 00 00,48,2D
52E8,52FC,14,"Power bonus, airborne target",06 00 00 00,6,2D
52E8,5300,18,Crit chance,C8 00 00 00,200,2D
52E8,5304,1C,Crit bonus damage,00 00 00 00,0,2D
52E8,5308,20,"Min damage, airborne target",00 00 00 00,0,2D
52E8,530C,24,"Max damage, airborne target",00 00 00 00,0,2D
52E8,531C,34,Flags,00 00 00 00,0,2D
52E8,5320,38,Flags,06 00 01 00,65542,2D
52E8,5324,3C,Copied to hit +0x68,00 00 00 00,0,2D
52E8,5328,40,Reaction motion (levels 6/7),6E 00 00 00,110,2D
52E8,532C,44,Power for special victims,01 00 00 00,1,2D
52E8,5330,48,"Power bonus, grounded target",06 00 00 00,6,2D
52E8,5334,4C,"Min damage, grounded target",00 00 00 00,0,2D
52E8,5338,50,"Max damage, grounded target",00 00 00 00,0,2D
52E8,533C,54,Recoil A,00 00 80 3F,1,2D
52E8,5340,58,Recoil B,00 00 00 00,0,2D
52E8,5344,5C,Reach,00 00 F0 41,30,2D
52E8,5350,68,Hit-count scale,00 00 00 00,0,2D
52E8,5354,6C,Attack ID,11 00 00 00,17,2D
55F8,55F8,00,Damage formula,00 00 00 00,0,2F 30 31 32 34
55F8,55FC,04,Hit type (element),01 00 00 00,1,2F 30 31 32 34
55F8,5600,08,"Reaction level, airborne target",03 00 00 00,3,2F 30 31 32 34
55F8,5604,0C,"Reaction level, grounded target",03 00 00 00,3,2F 30 31 32 34
55F8,5608,10,Hit mode,30 00 00 00,48,2F 30 31 32 34
55F8,560C,14,"Power bonus, airborne target",0A 00 00 00,10,2F 30 31 32 34
55F8,5610,18,Crit chance,C8 00 00 00,200,2F 30 31 32 34
55F8,5614,1C,Crit bonus damage,00 00 00 00,0,2F 30 31 32 34
55F8,5618,20,"Min damage, airborne target",00 00 00 00,0,2F 30 31 32 34
55F8,561C,24,"Max damage, airborne target",00 00 00 00,0,2F 30 31 32 34
55F8,562C,34,Flags,00 00 00 00,0,2F 30 31 32 34
55F8,5630,38,Flags,06 00 00 00,6,2F 30 31 32 34
55F8,5634,3C,Copied to hit +0x68,00 00 00 00,0,2F 30 31 32 34
55F8,5638,40,Reaction motion (levels 6/7),6E 00 00 00,110,2F 30 31 32 34
55F8,563C,44,Power for special victims,07 00 00 00,7,2F 30 31 32 34
55F8,5640,48,"Power bonus, grounded target",0A 00 00 00,10,2F 30 31 32 34
55F8,5644,4C,"Min damage, grounded target",00 00 00 00,0,2F 30 31 32 34
55F8,5648,50,"Max damage, grounded target",00 00 00 00,0,2F 30 31 32 34
55F8,564C,54,Recoil A,CC CC 4C 3F,0.8,2F 30 31 32 34
55F8,5650,58,Recoil B,CC CC CC BE,-0.4,2F 30 31 32 34
55F8,5654,5C,Reach,00 00 82 42,65,2F 30 31 32 34
55F8,5660,68,Hit-count scale,00 00 00 00,0,2F 30 31 32 34
55F8,5664,6C,Attack ID,18 00 00 00,24,2F 30 31 32 34
5668,5668,00,Damage formula,00 00 00 00,0,33 35
5668,566C,04,Hit type (element),01 00 00 00,1,33 35
5668,5670,08,"Reaction level, airborne target",05 00 00 00,5,33 35
5668,5674,0C,"Reaction level, grounded target",05 00 00 00,5,33 35
5668,5678,10,Hit mode,30 00 00 00,48,33 35
5668,567C,14,"Power bonus, airborne target",0C 00 00 00,12,33 35
5668,5680,18,Crit chance,C8 00 00 00,200,33 35
5668,5684,1C,Crit bonus damage,00 00 00 00,0,33 35
5668,5688,20,"Min damage, airborne target",00 00 00 00,0,33 35
5668,568C,24,"Max damage, airborne target",00 00 00 00,0,33 35
5668,569C,34,Flags,00 00 00 00,0,33 35
5668,56A0,38,Flags,06 00 00 00,6,33 35
5668,56A4,3C,Copied to hit +0x68,00 00 00 00,0,33 35
5668,56A8,40,Reaction motion (levels 6/7),6E 00 00 00,110,33 35
5668,56AC,44,Power for special victims,07 00 00 00,7,33 35
5668,56B0,48,"Power bonus, grounded target",0C 00 00 00,12,33 35
5668,56B4,4C,"Min damage, grounded target",00 00 00 00,0,33 35
5668,56B8,50,"Max damage, grounded target",00 00 00 00,0,33 35
5668,56BC,54,Recoil A,CC CC 4C 3F,0.8,33 35
5668,56C0,58,Recoil B,CC CC CC BE,-0.4,33 35
5668,56C4,5C,Reach,00 00 A0 42,80,33 35
5668,56D0,68,Hit-count scale,00 00 00 00,0,33 35
5668,56D4,6C,Attack ID,19 00 00 00,25,33 35
5A58,5A58,00,Damage formula,00 00 00 00,0,22 23 24 25 26 27 29 2A 2B 2C 36 37 38 39
5A58,5A5C,04,Hit type (element),01 00 00 00,1,22 23 24 25 26 27 29 2A 2B 2C 36 37 38 39
5A58,5A60,08,"Reaction level, airborne target",03 00 00 00,3,22 23 24 25 26 27 29 2A 2B 2C 36 37 38 39
5A58,5A64,0C,"Reaction level, grounded target",03 00 00 00,3,22 23 24 25 26 27 29 2A 2B 2C 36 37 38 39
5A58,5A68,10,Hit mode,30 00 00 00,48,22 23 24 25 26 27 29 2A 2B 2C 36 37 38 39
5A58,5A6C,14,"Power bonus, airborne target",00 00 00 00,0,22 23 24 25 26 27 29 2A 2B 2C 36 37 38 39
5A58,5A70,18,Crit chance,00 00 00 00,0,22 23 24 25 26 27 29 2A 2B 2C 36 37 38 39
5A58,5A74,1C,Crit bonus damage,00 00 00 00,0,22 23 24 25 26 27 29 2A 2B 2C 36 37 38 39
5A58,5A78,20,"Min damage, airborne target",00 00 00 00,0,22 23 24 25 26 27 29 2A 2B 2C 36 37 38 39
5A58,5A7C,24,"Max damage, airborne target",00 00 00 00,0,22 23 24 25 26 27 29 2A 2B 2C 36 37 38 39
5A58,5A8C,34,Flags,00 00 00 00,0,22 23 24 25 26 27 29 2A 2B 2C 36 37 38 39
5A58,5A90,38,Flags,06 00 01 00,65542,22 23 24 25 26 27 29 2A 2B 2C 36 37 38 39
5A58,5A94,3C,Copied to hit +0x68,00 00 00 00,0,22 23 24 25 26 27 29 2A 2B 2C 36 37 38 39
5A58,5A98,40,Reaction motion (levels 6/7),6E 00 00 00,110,22 23 24 25 26 27 29 2A 2B 2C 36 37 38 39
5A58,5A9C,44,Power for special victims,01 00 00 00,1,22 23 24 25 26 27 29 2A 2B 2C 36 37 38 39
5A58,5AA0,48,"Power bonus, grounded target",00 00 00 00,0,22 23 24 25 26 27 29 2A 2B 2C 36 37 38 39
5A58,5AA4,4C,"Min damage, grounded target",00 00 00 00,0,22 23 24 25 26 27 29 2A 2B 2C 36 37 38 39
5A58,5AA8,50,"Max damage, grounded target",00 00 00 00,0,22 23 24 25 26 27 29 2A 2B 2C 36 37 38 39
5A58,5AAC,54,Recoil A,00 00 80 3F,1,22 23 24 25 26 27 29 2A 2B 2C 36 37 38 39
5A58,5AB0,58,Recoil B,00 00 00 00,0,22 23 24 25 26 27 29 2A 2B 2C 36 37 38 39
5A58,5AB4,5C,Reach,00 00 F0 41,30,22 23 24 25 26 27 29 2A 2B 2C 36 37 38 39
5A58,5AC0,68,Hit-count scale,00 00 00 00,0,22 23 24 25 26 27 29 2A 2B 2C 36 37 38 39
5A58,5AC4,6C,Attack ID,22 00 00 00,34,22 23 24 25 26 27 29 2A 2B 2C 36 37 38 39
5AC8,5AC8,00,Damage formula,00 00 00 00,0,3A
5AC8,5ACC,04,Hit type (element),01 00 00 00,1,3A
5AC8,5AD0,08,"Reaction level, airborne target",05 00 00 00,5,3A
5AC8,5AD4,0C,"Reaction level, grounded target",05 00 00 00,5,3A
5AC8,5AD8,10,Hit mode,30 00 00 00,48,3A
5AC8,5ADC,14,"Power bonus, airborne target",08 00 00 00,8,3A
5AC8,5AE0,18,Crit chance,C8 00 00 00,200,3A
5AC8,5AE4,1C,Crit bonus damage,00 00 00 00,0,3A
5AC8,5AE8,20,"Min damage, airborne target",00 00 00 00,0,3A
5AC8,5AEC,24,"Max damage, airborne target",00 00 00 00,0,3A
5AC8,5AFC,34,Flags,00 00 00 00,0,3A
5AC8,5B00,38,Flags,06 00 01 00,65542,3A
5AC8,5B04,3C,Copied to hit +0x68,00 00 00 00,0,3A
5AC8,5B08,40,Reaction motion (levels 6/7),6E 00 00 00,110,3A
5AC8,5B0C,44,Power for special victims,07 00 00 00,7,3A
5AC8,5B10,48,"Power bonus, grounded target",08 00 00 00,8,3A
5AC8,5B14,4C,"Min damage, grounded target",00 00 00 00,0,3A
5AC8,5B18,50,"Max damage, grounded target",00 00 00 00,0,3A
5AC8,5B1C,54,Recoil A,00 00 80 3F,1,3A
5AC8,5B20,58,Recoil B,00 00 00 00,0,3A
5AC8,5B24,5C,Reach,00 00 F0 41,30,3A
5AC8,5B30,68,Hit-count scale,00 00 00 00,0,3A
5AC8,5B34,6C,Attack ID,23 00 00 00,35,3A
5B38,5B38,00,Damage formula,00 00 00 00,0,28
5B38,5B3C,04,Hit type (element),01 00 00 00,1,28
5B38,5B40,08,"Reaction level, airborne target",03 00 00 00,3,28
5B38,5B44,0C,"Reaction level, grounded target",03 00 00 00,3,28
5B38,5B48,10,Hit mode,30 00 00 00,48,28
5B38,5B4C,14,"Power bonus, airborne target",0A 00 00 00,10,28
5B38,5B50,18,Crit chance,C8 00 00 00,200,28
5B38,5B54,1C,Crit bonus damage,00 00 00 00,0,28
5B38,5B58,20,"Min damage, airborne target",00 00 00 00,0,28
5B38,5B5C,24,"Max damage, airborne target",00 00 00 00,0,28
5B38,5B6C,34,Flags,00 00 00 00,0,28
5B38,5B70,38,Flags,06 00 01 00,65542,28
5B38,5B74,3C,Copied to hit +0x68,00 00 00 00,0,28
5B38,5B78,40,Reaction motion (levels 6/7),6E 00 00 00,110,28
5B38,5B7C,44,Power for special victims,07 00 00 00,7,28
5B38,5B80,48,"Power bonus, grounded target",0A 00 00 00,10,28
5B38,5B84,4C,"Min damage, grounded target",00 00 00 00,0,28
5B38,5B88,50,"Max damage, grounded target",00 00 00 00,0,28
5B38,5B8C,54,Recoil A,00 00 80 3F,1,28
5B38,5B90,58,Recoil B,00 00 00 00,0,28
5B38,5B94,5C,Reach,00 00 F0 41,30,28
5B38,5BA0,68,Hit-count scale,00 00 00 00,0,28
5B38,5BA4,6C,Attack ID,24 00 00 00,36,28
5BA8,5BA8,00,Damage formula,00 00 00 00,0,2E
5BA8,5BAC,04,Hit type (element),01 00 00 00,1,2E
5BA8,5BB0,08,"Reaction level, airborne target",05 00 00 00,5,2E
5BA8,5BB4,0C,"Reaction level, grounded target",05 00 00 00,5,2E
5BA8,5BB8,10,Hit mode,30 00 00 00,48,2E
5BA8,5BBC,14,"Power bonus, airborne target",0A 00 00 00,10,2E
5BA8,5BC0,18,Crit chance,C8 00 00 00,200,2E
5BA8,5BC4,1C,Crit bonus damage,00 00 00 00,0,2E
5BA8,5BC8,20,"Min damage, airborne target",00 00 00 00,0,2E
5BA8,5BCC,24,"Max damage, airborne target",00 00 00 00,0,2E
5BA8,5BDC,34,Flags,00 00 00 00,0,2E
5BA8,5BE0,38,Flags,06 00 01 00,65542,2E
5BA8,5BE4,3C,Copied to hit +0x68,00 00 00 00,0,2E
5BA8,5BE8,40,Reaction motion (levels 6/7),6E 00 00 00,110,2E
5BA8,5BEC,44,Power for special victims,07 00 00 00,7,2E
5BA8,5BF0,48,"Power bonus, grounded target",0A 00 00 00,10,2E
5BA8,5BF4,4C,"Min damage, grounded target",00 00 00 00,0,2E
5BA8,5BF8,50,"Max damage, grounded target",00 00 00 00,0,2E
5BA8,5BFC,54,Recoil A,00 00 80 3F,1,2E
5BA8,5C00,58,Recoil B,00 00 00 00,0,2E
5BA8,5C04,5C,Reach,00 00 F0 41,30,2E
5BA8,5C10,68,Hit-count scale,00 00 00 00,0,2E
5BA8,5C14,6C,Attack ID,25 00 00 00,37,2E
5C18,5C18,00,Damage formula,00 00 00 00,0,1B 1C 1D 1E 1F 20
5C18,5C1C,04,Hit type (element),0A 00 00 00,10,1B 1C 1D 1E 1F 20
5C18,5C20,08,"Reaction level, airborne target",03 00 00 00,3,1B 1C 1D 1E 1F 20
5C18,5C24,0C,"Reaction level, grounded target",03 00 00 00,3,1B 1C 1D 1E 1F 20
5C18,5C28,10,Hit mode,30 00 00 00,48,1B 1C 1D 1E 1F 20
5C18,5C2C,14,"Power bonus, airborne target",06 00 00 00,6,1B 1C 1D 1E 1F 20
5C18,5C30,18,Crit chance,C8 00 00 00,200,1B 1C 1D 1E 1F 20
5C18,5C34,1C,Crit bonus damage,00 00 00 00,0,1B 1C 1D 1E 1F 20
5C18,5C38,20,"Min damage, airborne target",00 00 00 00,0,1B 1C 1D 1E 1F 20
5C18,5C3C,24,"Max damage, airborne target",00 00 00 00,0,1B 1C 1D 1E 1F 20
5C18,5C4C,34,Flags,00 00 00 00,0,1B 1C 1D 1E 1F 20
5C18,5C50,38,Flags,06 00 01 00,65542,1B 1C 1D 1E 1F 20
5C18,5C54,3C,Copied to hit +0x68,00 00 00 00,0,1B 1C 1D 1E 1F 20
5C18,5C58,40,Reaction motion (levels 6/7),6E 00 00 00,110,1B 1C 1D 1E 1F 20
5C18,5C5C,44,Power for special victims,07 00 00 00,7,1B 1C 1D 1E 1F 20
5C18,5C60,48,"Power bonus, grounded target",06 00 00 00,6,1B 1C 1D 1E 1F 20
5C18,5C64,4C,"Min damage, grounded target",00 00 00 00,0,1B 1C 1D 1E 1F 20
5C18,5C68,50,"Max damage, grounded target",00 00 00 00,0,1B 1C 1D 1E 1F 20
5C18,5C6C,54,Recoil A,CC CC 4C BE,-0.2,1B 1C 1D 1E 1F 20
5C18,5C70,58,Recoil B,CC CC 4C BE,-0.2,1B 1C 1D 1E 1F 20
5C18,5C74,5C,Reach,00 00 70 42,60,1B 1C 1D 1E 1F 20
5C18,5C80,68,Hit-count scale,00 00 00 00,0,1B 1C 1D 1E 1F 20
5C18,5C84,6C,Attack ID,26 00 00 00,38,1B 1C 1D 1E 1F 20
5C88,5C88,00,Damage formula,00 00 00 00,0,21
5C88,5C8C,04,Hit type (element),0A 00 00 00,10,21
5C88,5C90,08,"Reaction level, airborne target",03 00 00 00,3,21
5C88,5C94,0C,"Reaction level, grounded target",03 00 00 00,3,21
5C88,5C98,10,Hit mode,30 00 00 00,48,21
5C88,5C9C,14,"Power bonus, airborne target",0A 00 00 00,10,21
5C88,5CA0,18,Crit chance,C8 00 00 00,200,21
5C88,5CA4,1C,Crit bonus damage,00 00 00 00,0,21
5C88,5CA8,20,"Min damage, airborne target",00 00 00 00,0,21
5C88,5CAC,24,"Max damage, airborne target",00 00 00 00,0,21
5C88,5CBC,34,Flags,00 00 00 00,0,21
5C88,5CC0,38,Flags,06 00 01 00,65542,21
5C88,5CC4,3C,Copied to hit +0x68,00 00 00 00,0,21
5C88,5CC8,40,Reaction motion (levels 6/7),6E 00 00 00,110,21
5C88,5CCC,44,Power for special victims,07 00 00 00,7,21
5C88,5CD0,48,"Power bonus, grounded target",0A 00 00 00,10,21
5C88,5CD4,4C,"Min damage, grounded target",00 00 00 00,0,21
5C88,5CD8,50,"Max damage, grounded target",00 00 00 00,0,21
5C88,5CDC,54,Recoil A,CC CC 4C BE,-0.2,21
5C88,5CE0,58,Recoil B,CC CC 4C BE,-0.2,21
5C88,5CE4,5C,Reach,00 00 70 42,60,21
5C88,5CF0,68,Hit-count scale,00 00 00 00,0,21
5C88,5CF4,6C,Attack ID,27 00 00 00,39,21
6858,6858,00,Damage formula,00 00 00 00,0,42 43 44 45 46 47 48 49 4A 4B 4C 4D 4E 4F 50 51 52 53 54 55 56 57 58 59
6858,685C,04,Hit type (element),01 00 00 00,1,42 43 44 45 46 47 48 49 4A 4B 4C 4D 4E 4F 50 51 52 53 54 55 56 57 58 59
6858,6860,08,"Reaction level, airborne target",03 00 00 00,3,42 43 44 45 46 47 48 49 4A 4B 4C 4D 4E 4F 50 51 52 53 54 55 56 57 58 59
6858,6864,0C,"Reaction level, grounded target",03 00 00 00,3,42 43 44 45 46 47 48 49 4A 4B 4C 4D 4E 4F 50 51 52 53 54 55 56 57 58 59
6858,6868,10,Hit mode,30 00 00 00,48,42 43 44 45 46 47 48 49 4A 4B 4C 4D 4E 4F 50 51 52 53 54 55 56 57 58 59
6858,686C,14,"Power bonus, airborne target",00 00 00 00,0,42 43 44 45 46 47 48 49 4A 4B 4C 4D 4E 4F 50 51 52 53 54 55 56 57 58 59
6858,6870,18,Crit chance,14 00 00 00,20,42 43 44 45 46 47 48 49 4A 4B 4C 4D 4E 4F 50 51 52 53 54 55 56 57 58 59
6858,6874,1C,Crit bonus damage,00 00 00 00,0,42 43 44 45 46 47 48 49 4A 4B 4C 4D 4E 4F 50 51 52 53 54 55 56 57 58 59
6858,6878,20,"Min damage, airborne target",00 00 00 00,0,42 43 44 45 46 47 48 49 4A 4B 4C 4D 4E 4F 50 51 52 53 54 55 56 57 58 59
6858,687C,24,"Max damage, airborne target",00 00 00 00,0,42 43 44 45 46 47 48 49 4A 4B 4C 4D 4E 4F 50 51 52 53 54 55 56 57 58 59
6858,688C,34,Flags,00 00 00 00,0,42 43 44 45 46 47 48 49 4A 4B 4C 4D 4E 4F 50 51 52 53 54 55 56 57 58 59
6858,6890,38,Flags,00 00 00 00,0,42 43 44 45 46 47 48 49 4A 4B 4C 4D 4E 4F 50 51 52 53 54 55 56 57 58 59
6858,6894,3C,Copied to hit +0x68,00 00 00 00,0,42 43 44 45 46 47 48 49 4A 4B 4C 4D 4E 4F 50 51 52 53 54 55 56 57 58 59
6858,6898,40,Reaction motion (levels 6/7),6E 00 00 00,110,42 43 44 45 46 47 48 49 4A 4B 4C 4D 4E 4F 50 51 52 53 54 55 56 57 58 59
6858,689C,44,Power for special victims,00 00 00 00,0,42 43 44 45 46 47 48 49 4A 4B 4C 4D 4E 4F 50 51 52 53 54 55 56 57 58 59
6858,68A0,48,"Power bonus, grounded target",00 00 00 00,0,42 43 44 45 46 47 48 49 4A 4B 4C 4D 4E 4F 50 51 52 53 54 55 56 57 58 59
6858,68A4,4C,"Min damage, grounded target",00 00 00 00,0,42 43 44 45 46 47 48 49 4A 4B 4C 4D 4E 4F 50 51 52 53 54 55 56 57 58 59
6858,68A8,50,"Max damage, grounded target",00 00 00 00,0,42 43 44 45 46 47 48 49 4A 4B 4C 4D 4E 4F 50 51 52 53 54 55 56 57 58 59
6858,68AC,54,Recoil A,00 00 80 3F,1,42 43 44 45 46 47 48 49 4A 4B 4C 4D 4E 4F 50 51 52 53 54 55 56 57 58 59
6858,68B0,58,Recoil B,00 00 00 00,0,42 43 44 45 46 47 48 49 4A 4B 4C 4D 4E 4F 50 51 52 53 54 55 56 57 58 59
6858,68B4,5C,Reach,00 00 00 00,0,42 43 44 45 46 47 48 49 4A 4B 4C 4D 4E 4F 50 51 52 53 54 55 56 57 58 59
6858,68C0,68,Hit-count scale,00 00 00 00,0,42 43 44 45 46 47 48 49 4A 4B 4C 4D 4E 4F 50 51 52 53 54 55 56 57 58 59
6858,68C4,6C,Attack ID,64 00 00 00,100,42 43 44 45 46 47 48 49 4A 4B 4C 4D 4E 4F 50 51 52 53 54 55 56 57 58 59
6E08,6E08,00,Damage formula,00 00 00 00,0,5A 5D 5E 61 62 64 65 67 68 6B 6C 6D 6E 6F 70 71 72 73 74 75 76 77 78 79
6E08,6E0C,04,Hit type (element),01 00 00 00,1,5A 5D 5E 61 62 64 65 67 68 6B 6C 6D 6E 6F 70 71 72 73 74 75 76 77 78 79
6E08,6E10,08,"Reaction level, airborne target",03 00 00 00,3,5A 5D 5E 61 62 64 65 67 68 6B 6C 6D 6E 6F 70 71 72 73 74 75 76 77 78 79
6E08,6E14,0C,"Reaction level, grounded target",03 00 00 00,3,5A 5D 5E 61 62 64 65 67 68 6B 6C 6D 6E 6F 70 71 72 73 74 75 76 77 78 79
6E08,6E18,10,Hit mode,30 00 00 00,48,5A 5D 5E 61 62 64 65 67 68 6B 6C 6D 6E 6F 70 71 72 73 74 75 76 77 78 79
6E08,6E1C,14,"Power bonus, airborne target",00 00 00 00,0,5A 5D 5E 61 62 64 65 67 68 6B 6C 6D 6E 6F 70 71 72 73 74 75 76 77 78 79
6E08,6E20,18,Crit chance,14 00 00 00,20,5A 5D 5E 61 62 64 65 67 68 6B 6C 6D 6E 6F 70 71 72 73 74 75 76 77 78 79
6E08,6E24,1C,Crit bonus damage,00 00 00 00,0,5A 5D 5E 61 62 64 65 67 68 6B 6C 6D 6E 6F 70 71 72 73 74 75 76 77 78 79
6E08,6E28,20,"Min damage, airborne target",00 00 00 00,0,5A 5D 5E 61 62 64 65 67 68 6B 6C 6D 6E 6F 70 71 72 73 74 75 76 77 78 79
6E08,6E2C,24,"Max damage, airborne target",00 00 00 00,0,5A 5D 5E 61 62 64 65 67 68 6B 6C 6D 6E 6F 70 71 72 73 74 75 76 77 78 79
6E08,6E3C,34,Flags,00 00 00 00,0,5A 5D 5E 61 62 64 65 67 68 6B 6C 6D 6E 6F 70 71 72 73 74 75 76 77 78 79
6E08,6E40,38,Flags,03 00 00 00,3,5A 5D 5E 61 62 64 65 67 68 6B 6C 6D 6E 6F 70 71 72 73 74 75 76 77 78 79
6E08,6E44,3C,Copied to hit +0x68,00 00 00 00,0,5A 5D 5E 61 62 64 65 67 68 6B 6C 6D 6E 6F 70 71 72 73 74 75 76 77 78 79
6E08,6E48,40,Reaction motion (levels 6/7),6E 00 00 00,110,5A 5D 5E 61 62 64 65 67 68 6B 6C 6D 6E 6F 70 71 72 73 74 75 76 77 78 79
6E08,6E4C,44,Power for special victims,00 00 00 00,0,5A 5D 5E 61 62 64 65 67 68 6B 6C 6D 6E 6F 70 71 72 73 74 75 76 77 78 79
6E08,6E50,48,"Power bonus, grounded target",00 00 00 00,0,5A 5D 5E 61 62 64 65 67 68 6B 6C 6D 6E 6F 70 71 72 73 74 75 76 77 78 79
6E08,6E54,4C,"Min damage, grounded target",00 00 00 00,0,5A 5D 5E 61 62 64 65 67 68 6B 6C 6D 6E 6F 70 71 72 73 74 75 76 77 78 79
6E08,6E58,50,"Max damage, grounded target",00 00 00 00,0,5A 5D 5E 61 62 64 65 67 68 6B 6C 6D 6E 6F 70 71 72 73 74 75 76 77 78 79
6E08,6E5C,54,Recoil A,00 00 80 3F,1,5A 5D 5E 61 62 64 65 67 68 6B 6C 6D 6E 6F 70 71 72 73 74 75 76 77 78 79
6E08,6E60,58,Recoil B,00 00 00 00,0,5A 5D 5E 61 62 64 65 67 68 6B 6C 6D 6E 6F 70 71 72 73 74 75 76 77 78 79
6E08,6E64,5C,Reach,00 00 00 00,0,5A 5D 5E 61 62 64 65 67 68 6B 6C 6D 6E 6F 70 71 72 73 74 75 76 77 78 79
6E08,6E70,68,Hit-count scale,00 00 00 00,0,5A 5D 5E 61 62 64 65 67 68 6B 6C 6D 6E 6F 70 71 72 73 74 75 76 77 78 79
6E08,6E74,6C,Attack ID,C8 00 00 00,200,5A 5D 5E 61 62 64 65 67 68 6B 6C 6D 6E 6F 70 71 72 73 74 75 76 77 78 79
6E78,6E78,00,Damage formula,00 00 00 00,0,5B
6E78,6E7C,04,Hit type (element),01 00 00 00,1,5B
6E78,6E80,08,"Reaction level, airborne target",03 00 00 00,3,5B
6E78,6E84,0C,"Reaction level, grounded target",03 00 00 00,3,5B
6E78,6E88,10,Hit mode,30 00 00 00,48,5B
6E78,6E8C,14,"Power bonus, airborne target",FC FF FF FF,-4,5B
6E78,6E90,18,Crit chance,00 00 00 00,0,5B
6E78,6E94,1C,Crit bonus damage,00 00 00 00,0,5B
6E78,6E98,20,"Min damage, airborne target",00 00 00 00,0,5B
6E78,6E9C,24,"Max damage, airborne target",00 00 00 00,0,5B
6E78,6EAC,34,Flags,00 00 00 00,0,5B
6E78,6EB0,38,Flags,03 00 00 00,3,5B
6E78,6EB4,3C,Copied to hit +0x68,00 00 00 00,0,5B
6E78,6EB8,40,Reaction motion (levels 6/7),6E 00 00 00,110,5B
6E78,6EBC,44,Power for special victims,00 00 00 00,0,5B
6E78,6EC0,48,"Power bonus, grounded target",FC FF FF FF,-4,5B
6E78,6EC4,4C,"Min damage, grounded target",00 00 00 00,0,5B
6E78,6EC8,50,"Max damage, grounded target",00 00 00 00,0,5B
6E78,6ECC,54,Recoil A,00 00 80 3F,1,5B
6E78,6ED0,58,Recoil B,00 00 00 00,0,5B
6E78,6ED4,5C,Reach,00 00 20 C1,-10,5B
6E78,6EE0,68,Hit-count scale,00 00 00 00,0,5B
6E78,6EE4,6C,Attack ID,C9 00 00 00,201,5B
6EE8,6EE8,00,Damage formula,00 00 00 00,0,6A
6EE8,6EEC,04,Hit type (element),01 00 00 00,1,6A
6EE8,6EF0,08,"Reaction level, airborne target",00 00 00 00,0,6A
6EE8,6EF4,0C,"Reaction level, grounded target",00 00 00 00,0,6A
6EE8,6EF8,10,Hit mode,30 00 00 00,48,6A
6EE8,6EFC,14,"Power bonus, airborne target",00 00 00 00,0,6A
6EE8,6F00,18,Crit chance,00 00 00 00,0,6A
6EE8,6F04,1C,Crit bonus damage,00 00 00 00,0,6A
6EE8,6F08,20,"Min damage, airborne target",00 00 00 00,0,6A
6EE8,6F0C,24,"Max damage, airborne target",00 00 00 00,0,6A
6EE8,6F1C,34,Flags,00 00 00 00,0,6A
6EE8,6F20,38,Flags,04 00 01 00,65540,6A
6EE8,6F24,3C,Copied to hit +0x68,00 00 00 00,0,6A
6EE8,6F28,40,Reaction motion (levels 6/7),6E 00 00 00,110,6A
6EE8,6F2C,44,Power for special victims,00 00 00 00,0,6A
6EE8,6F30,48,"Power bonus, grounded target",00 00 00 00,0,6A
6EE8,6F34,4C,"Min damage, grounded target",00 00 00 00,0,6A
6EE8,6F38,50,"Max damage, grounded target",00 00 00 00,0,6A
6EE8,6F3C,54,Recoil A,00 00 80 3F,1,6A
6EE8,6F40,58,Recoil B,00 00 00 00,0,6A
6EE8,6F44,5C,Reach,00 00 20 C1,-10,6A
6EE8,6F50,68,Hit-count scale,00 00 00 00,0,6A
6EE8,6F54,6C,Attack ID,CA 00 00 00,202,6A
6F58,6F58,00,Damage formula,00 00 00 00,0,5F 69
6F58,6F5C,04,Hit type (element),0A 00 00 00,10,5F 69
6F58,6F60,08,"Reaction level, airborne target",03 00 00 00,3,5F 69
6F58,6F64,0C,"Reaction level, grounded target",03 00 00 00,3,5F 69
6F58,6F68,10,Hit mode,30 00 00 00,48,5F 69
6F58,6F6C,14,"Power bonus, airborne target",04 00 00 00,4,5F 69
6F58,6F70,18,Crit chance,C8 00 00 00,200,5F 69
6F58,6F74,1C,Crit bonus damage,02 00 00 00,2,5F 69
6F58,6F78,20,"Min damage, airborne target",00 00 00 00,0,5F 69
6F58,6F7C,24,"Max damage, airborne target",00 00 00 00,0,5F 69
6F58,6F8C,34,Flags,00 00 00 00,0,5F 69
6F58,6F90,38,Flags,03 00 00 00,3,5F 69
6F58,6F94,3C,Copied to hit +0x68,63 00 00 00,99,5F 69
6F58,6F98,40,Reaction motion (levels 6/7),6E 00 00 00,110,5F 69
6F58,6F9C,44,Power for special victims,00 00 00 00,0,5F 69
6F58,6FA0,48,"Power bonus, grounded target",04 00 00 00,4,5F 69
6F58,6FA4,4C,"Min damage, grounded target",00 00 00 00,0,5F 69
6F58,6FA8,50,"Max damage, grounded target",00 00 00 00,0,5F 69
6F58,6FAC,54,Recoil A,00 00 00 00,0,5F 69
6F58,6FB0,58,Recoil B,00 00 00 00,0,5F 69
6F58,6FB4,5C,Reach,00 00 F0 41,30,5F 69
6F58,6FC0,68,Hit-count scale,00 00 00 00,0,5F 69
6F58,6FC4,6C,Attack ID,CB 00 00 00,203,5F 69
6FC8,6FC8,00,Damage formula,00 00 00 00,0,5C
6FC8,6FCC,04,Hit type (element),01 00 00 00,1,5C
6FC8,6FD0,08,"Reaction level, airborne target",05 00 00 00,5,5C
6FC8,6FD4,0C,"Reaction level, grounded target",05 00 00 00,5,5C
6FC8,6FD8,10,Hit mode,30 00 00 00,48,5C
6FC8,6FDC,14,"Power bonus, airborne target",08 00 00 00,8,5C
6FC8,6FE0,18,Crit chance,C8 00 00 00,200,5C
6FC8,6FE4,1C,Crit bonus damage,02 00 00 00,2,5C
6FC8,6FE8,20,"Min damage, airborne target",00 00 00 00,0,5C
6FC8,6FEC,24,"Max damage, airborne target",00 00 00 00,0,5C
6FC8,6FFC,34,Flags,00 00 00 00,0,5C
6FC8,7000,38,Flags,03 00 01 00,65539,5C
6FC8,7004,3C,Copied to hit +0x68,63 00 00 00,99,5C
6FC8,7008,40,Reaction motion (levels 6/7),6E 00 00 00,110,5C
6FC8,700C,44,Power for special victims,00 00 00 00,0,5C
6FC8,7010,48,"Power bonus, grounded target",08 00 00 00,8,5C
6FC8,7014,4C,"Min damage, grounded target",00 00 00 00,0,5C
6FC8,7018,50,"Max damage, grounded target",00 00 00 00,0,5C
6FC8,701C,54,Recoil A,00 00 00 00,0,5C
6FC8,7020,58,Recoil B,00 00 00 00,0,5C
6FC8,7024,5C,Reach,00 00 20 42,40,5C
6FC8,7030,68,Hit-count scale,00 00 00 00,0,5C
6FC8,7034,6C,Attack ID,CC 00 00 00,204,5C
7038,7038,00,Damage formula,00 00 00 00,0,60 63 66
7038,703C,04,Hit type (element),01 00 00 00,1,60 63 66
7038,7040,08,"Reaction level, airborne target",03 00 00 00,3,60 63 66
7038,7044,0C,"Reaction level, grounded target",03 00 00 00,3,60 63 66
7038,7048,10,Hit mode,30 00 00 00,48,60 63 66
7038,704C,14,"Power bonus, airborne target",F6 FF FF FF,-10,60 63 66
7038,7050,18,Crit chance,C8 00 00 00,200,60 63 66
7038,7054,1C,Crit bonus damage,02 00 00 00,2,60 63 66
7038,7058,20,"Min damage, airborne target",00 00 00 00,0,60 63 66
7038,705C,24,"Max damage, airborne target",00 00 00 00,0,60 63 66
7038,706C,34,Flags,00 00 00 00,0,60 63 66
7038,7070,38,Flags,03 00 01 00,65539,60 63 66
7038,7074,3C,Copied to hit +0x68,63 00 00 00,99,60 63 66
7038,7078,40,Reaction motion (levels 6/7),6E 00 00 00,110,60 63 66
7038,707C,44,Power for special victims,00 00 00 00,0,60 63 66
7038,7080,48,"Power bonus, grounded target",F6 FF FF FF,-10,60 63 66
7038,7084,4C,"Min damage, grounded target",00 00 00 00,0,60 63 66
7038,7088,50,"Max damage, grounded target",00 00 00 00,0,60 63 66
7038,708C,54,Recoil A,00 00 00 00,0,60 63 66
7038,7090,58,Recoil B,00 00 00 00,0,60 63 66
7038,7094,5C,Reach,00 00 F0 41,30,60 63 66
7038,70A0,68,Hit-count scale,00 00 00 00,0,60 63 66
7038,70A4,6C,Attack ID,CD 00 00 00,205,60 63 66
73B8,73B8,00,Damage formula,00 00 00 00,0,7A 7B 7E 7F 82 83 84 85 86 87 88 89 8A
73B8,73BC,04,Hit type (element),01 00 00 00,1,7A 7B 7E 7F 82 83 84 85 86 87 88 89 8A
73B8,73C0,08,"Reaction level, airborne target",03 00 00 00,3,7A 7B 7E 7F 82 83 84 85 86 87 88 89 8A
73B8,73C4,0C,"Reaction level, grounded target",03 00 00 00,3,7A 7B 7E 7F 82 83 84 85 86 87 88 89 8A
73B8,73C8,10,Hit mode,30 00 00 00,48,7A 7B 7E 7F 82 83 84 85 86 87 88 89 8A
73B8,73CC,14,"Power bonus, airborne target",00 00 00 00,0,7A 7B 7E 7F 82 83 84 85 86 87 88 89 8A
73B8,73D0,18,Crit chance,04 00 00 00,4,7A 7B 7E 7F 82 83 84 85 86 87 88 89 8A
73B8,73D4,1C,Crit bonus damage,06 00 00 00,6,7A 7B 7E 7F 82 83 84 85 86 87 88 89 8A
73B8,73D8,20,"Min damage, airborne target",00 00 00 00,0,7A 7B 7E 7F 82 83 84 85 86 87 88 89 8A
73B8,73DC,24,"Max damage, airborne target",00 00 00 00,0,7A 7B 7E 7F 82 83 84 85 86 87 88 89 8A
73B8,73EC,34,Flags,00 00 00 00,0,7A 7B 7E 7F 82 83 84 85 86 87 88 89 8A
73B8,73F0,38,Flags,00 00 00 00,0,7A 7B 7E 7F 82 83 84 85 86 87 88 89 8A
73B8,73F4,3C,Copied to hit +0x68,00 00 00 00,0,7A 7B 7E 7F 82 83 84 85 86 87 88 89 8A
73B8,73F8,40,Reaction motion (levels 6/7),6E 00 00 00,110,7A 7B 7E 7F 82 83 84 85 86 87 88 89 8A
73B8,73FC,44,Power for special victims,00 00 00 00,0,7A 7B 7E 7F 82 83 84 85 86 87 88 89 8A
73B8,7400,48,"Power bonus, grounded target",00 00 00 00,0,7A 7B 7E 7F 82 83 84 85 86 87 88 89 8A
73B8,7404,4C,"Min damage, grounded target",00 00 00 00,0,7A 7B 7E 7F 82 83 84 85 86 87 88 89 8A
73B8,7408,50,"Max damage, grounded target",00 00 00 00,0,7A 7B 7E 7F 82 83 84 85 86 87 88 89 8A
73B8,740C,54,Recoil A,00 00 80 3F,1,7A 7B 7E 7F 82 83 84 85 86 87 88 89 8A
73B8,7410,58,Recoil B,00 00 00 00,0,7A 7B 7E 7F 82 83 84 85 86 87 88 89 8A
73B8,7414,5C,Reach,00 00 00 00,0,7A 7B 7E 7F 82 83 84 85 86 87 88 89 8A
73B8,7420,68,Hit-count scale,00 00 00 00,0,7A 7B 7E 7F 82 83 84 85 86 87 88 89 8A
73B8,7424,6C,Attack ID,2C 01 00 00,300,7A 7B 7E 7F 82 83 84 85 86 87 88 89 8A
7428,7428,00,Damage formula,00 00 00 00,0,7D 81
7428,742C,04,Hit type (element),01 00 00 00,1,7D 81
7428,7430,08,"Reaction level, airborne target",05 00 00 00,5,7D 81
7428,7434,0C,"Reaction level, grounded target",05 00 00 00,5,7D 81
7428,7438,10,Hit mode,30 00 00 00,48,7D 81
7428,743C,14,"Power bonus, airborne target",08 00 00 00,8,7D 81
7428,7440,18,Crit chance,C8 00 00 00,200,7D 81
7428,7444,1C,Crit bonus damage,00 00 00 00,0,7D 81
7428,7448,20,"Min damage, airborne target",00 00 00 00,0,7D 81
7428,744C,24,"Max damage, airborne target",00 00 00 00,0,7D 81
7428,745C,34,Flags,00 00 00 00,0,7D 81
7428,7460,38,Flags,00 00 00 00,0,7D 81
7428,7464,3C,Copied to hit +0x68,63 00 00 00,99,7D 81
7428,7468,40,Reaction motion (levels 6/7),6E 00 00 00,110,7D 81
7428,746C,44,Power for special victims,00 00 00 00,0,7D 81
7428,7470,48,"Power bonus, grounded target",08 00 00 00,8,7D 81
7428,7474,4C,"Min damage, grounded target",00 00 00 00,0,7D 81
7428,7478,50,"Max damage, grounded target",00 00 00 00,0,7D 81
7428,747C,54,Recoil A,00 00 80 3F,1,7D 81
7428,7480,58,Recoil B,00 00 00 00,0,7D 81
7428,7484,5C,Reach,00 00 A0 41,20,7D 81
7428,7490,68,Hit-count scale,00 00 00 00,0,7D 81
7428,7494,6C,Attack ID,2D 01 00 00,301,7D 81
7498,7498,00,Damage formula,00 00 00 00,0,7C 80
7498,749C,04,Hit type (element),0A 00 00 00,10,7C 80
7498,74A0,08,"Reaction level, airborne target",03 00 00 00,3,7C 80
7498,74A4,0C,"Reaction level, grounded target",03 00 00 00,3,7C 80
7498,74A8,10,Hit mode,30 00 00 00,48,7C 80
7498,74AC,14,"Power bonus, airborne target",08 00 00 00,8,7C 80
7498,74B0,18,Crit chance,C8 00 00 00,200,7C 80
7498,74B4,1C,Crit bonus damage,00 00 00 00,0,7C 80
7498,74B8,20,"Min damage, airborne target",00 00 00 00,0,7C 80
7498,74BC,24,"Max damage, airborne target",00 00 00 00,0,7C 80
7498,74CC,34,Flags,00 00 00 00,0,7C 80
7498,74D0,38,Flags,00 00 00 00,0,7C 80
7498,74D4,3C,Copied to hit +0x68,63 00 00 00,99,7C 80
7498,74D8,40,Reaction motion (levels 6/7),6E 00 00 00,110,7C 80
7498,74DC,44,Power for special victims,00 00 00 00,0,7C 80
7498,74E0,48,"Power bonus, grounded target",08 00 00 00,8,7C 80
7498,74E4,4C,"Min damage, grounded target",00 00 00 00,0,7C 80
7498,74E8,50,"Max damage, grounded target",00 00 00 00,0,7C 80
7498,74EC,54,Recoil A,00 00 80 3F,1,7C 80
7498,74F0,58,Recoil B,00 00 00 00,0,7C 80
7498,74F4,5C,Reach,00 00 A0 41,20,7C 80
7498,7500,68,Hit-count scale,00 00 00 00,0,7C 80
7498,7504,6C,Attack ID,2E 01 00 00,302,7C 80
