Level,File,Offset,Field,Value (HEX),Value
0,btltbl.bin,C8A8,ATK,02,2
0,btltbl.bin,C8A9,DEF,02,2
1,btltbl.bin,C8AA,ATK,05,5
1,btltbl.bin,C8AB,DEF,05,5
2,btltbl.bin,C8AC,ATK,06,6
2,btltbl.bin,C8AD,DEF,06,6
3,btltbl.bin,C8AE,ATK,08,8
3,btltbl.bin,C8AF,DEF,08,8
4,btltbl.bin,C8B0,ATK,09,9
4,btltbl.bin,C8B1,DEF,09,9
5,btltbl.bin,C8B2,ATK,0B,11
5,btltbl.bin,C8B3,DEF,0A,10
6,btltbl.bin,C8B4,ATK,0C,12
6,btltbl.bin,C8B5,DEF,0B,11
7,btltbl.bin,C8B6,ATK,0F,15
7,btltbl.bin,C8B7,DEF,0D,13
8,btltbl.bin,C8B8,ATK,11,17
8,btltbl.bin,C8B9,DEF,0E,14
9,btltbl.bin,C8BA,ATK,11,17
9,btltbl.bin,C8BB,DEF,0F,15
10,btltbl.bin,C8BC,ATK,14,20
10,btltbl.bin,C8BD,DEF,11,17
11,btltbl.bin,C8BE,ATK,15,21
11,btltbl.bin,C8BF,DEF,12,18
12,btltbl.bin,C8C0,ATK,16,22
12,btltbl.bin,C8C1,DEF,13,19
13,btltbl.bin,C8C2,ATK,18,24
13,btltbl.bin,C8C3,DEF,14,20
14,btltbl.bin,C8C4,ATK,1B,27
14,btltbl.bin,C8C5,DEF,15,21
15,btltbl.bin,C8C6,ATK,1D,29
15,btltbl.bin,C8C7,DEF,17,23
16,btltbl.bin,C8C8,ATK,1F,31
16,btltbl.bin,C8C9,DEF,18,24
17,btltbl.bin,C8CA,ATK,23,35
17,btltbl.bin,C8CB,DEF,1B,27
18,btltbl.bin,C8CC,ATK,28,40
18,btltbl.bin,C8CD,DEF,1E,30
19,btltbl.bin,C8CE,ATK,2A,42
19,btltbl.bin,C8CF,DEF,22,34
20,btltbl.bin,C8D0,ATK,2E,46
20,btltbl.bin,C8D1,DEF,2E,46
