Name,File,Offset,Damage Source (HEX),Damage Source (Dec),Hit Type (HEX),Hit Type (Dec),Non-Enemy Reaction Level (HEX),Non-Enemy Reaction Level (Dec),Enemy Reaction Level (HEX),Enemy Reaction Level (Dec),Hitbox Anchor (HEX),Hitbox Anchor (Dec),Non-Enemy Power Bonus (HEX),Non-Enemy Power Bonus (Dec),Crit Chance (HEX),Crit Chance (Dec),Crit Damage Bonus (HEX),Crit Damage Bonus (Dec),Non-Enemy Min Damage (HEX),Non-Enemy Min Damage (Dec),Non-Enemy Max Damage (HEX),Non-Enemy Max Damage (Dec),??? (+28) (HEX),??? (+28) (Dec),??? (+2C) (HEX),??? (+2C) (Dec),MP Cost (HEX),MP Cost (Dec),??? (+34) (HEX),??? (+34) (Dec),??? (+38) (HEX),??? (+38) (Dec),??? (+3C) (HEX),??? (+3C) (Dec),Level 6/7 Motion ID (HEX),Level 6/7 Motion ID (Dec),Object Damage (HEX),Object Damage (Dec),Enemy Power Bonus (HEX),Enemy Power Bonus (Dec),Enemy Min Damage (HEX),Enemy Min Damage (Dec),Enemy Max Damage (HEX),Enemy Max Damage (Dec),??? (+54) (HEX),??? (+54) (Float),??? (+58) (HEX),??? (+58) (Float),Hit Radius (HEX),Hit Radius (Float),??? (+60) (HEX),??? (+60) (Dec),??? (+64) (HEX),??? (+64) (Float),??? (+68) (HEX),??? (+68) (Float),Attack ID (HEX),Attack ID (Dec)
Overhand Swing,btltbl.bin,4B78,00,0,01,1,03,3,03,3,30,48,00,0,00,0,00,0,00,0,00,0,00,0,03,3,00,0,00,0,00,0,00,0,6E,110,01,1,00,0,00,0,00,0,00 00 80 3F,1,00 00 00 00,0,00 00 00 00,0,00,0,00 00 80 3F,1,00 00 00 00,0,00,0
Underhand Swing,btltbl.bin,4BE8,00,0,01,1,03,3,03,3,30,48,00,0,00,0,00,0,00,0,00,0,00,0,03,3,00,0,00,0,10000,65536,00,0,6E,110,01,1,00,0,00,0,00,0,00 00 80 3F,1,00 00 00 00,0,00 00 00 00,0,00,0,00 00 80 3F,1,00 00 00 00,0,01,1
Finisher,btltbl.bin,4C58,00,0,01,1,05,5,05,5,30,48,04,4,04,4,04,4,00,0,00,0,00,0,06,6,00,0,00,0,10000,65536,00,0,6E,110,05,5,04,4,00,0,00,0,00 00 80 3F,1,00 00 00 00,0,00 00 00 00,0,00,0,00 00 80 3F,1,00 00 00 00,0,02,2
Aerial Sweep / Vortex,btltbl.bin,4CC8,00,0,01,1,03,3,03,3,30,48,02,2,00,0,00,0,00,0,00,0,00,0,03,3,00,0,00,0,10000,65536,00,0,6E,110,01,1,02,2,00,0,00,0,00 00 80 3F,1,00 00 00 00,0,00 00 00 00,0,00,0,00 00 80 3F,1,00 00 00 00,0,03,3
Blitz,btltbl.bin,4D38,00,0,01,1,05,5,05,5,30,48,06,6,04,4,04,4,00,0,00,0,00,0,06,6,00,0,00,0,00,0,00,0,6E,110,05,5,06,6,00,0,00,0,00 00 80 3F,1,00 00 00 00,0,00 00 20 41,10,00,0,00 00 80 3F,1,00 00 00 00,0,04,4
Guard,btltbl.bin,4DA8,00,0,01,1,00,0,00,0,30,48,00,0,00,0,00,0,00,0,00,0,00,0,00,0,00,0,00,0,10002,65538,00,0,6E,110,00,0,00,0,00,0,00,0,00 00 80 3F,1,00 00 00 00,0,00 00 00 00,0,00,0,C8 D0 31 BE,-0.173648,00 00 00 00,0,05,5
Counterattack,btltbl.bin,4E18,00,0,01,1,03,3,03,3,30,48,00,0,C8,200,04,4,00,0,00,0,00,0,18,24,00,0,00,0,00,0,00,0,6E,110,01,1,00,0,00,0,00,0,00 00 80 3F,1,00 00 00 00,0,00 00 20 41,10,00,0,00 00 80 3F,1,00 00 00 00,0,06,6
Ripple Drive,btltbl.bin,4E88,04,4,01,1,05,5,05,5,30,48,0A,10,00,0,00,0,00,0,00,0,00,0,06,6,00,0,00,0,10006,65542,00,0,6E,110,05,5,0A,10,00,0,00,0,00 00 00 00,0,00 00 00 00,0,00 00 48 43,200,00,0,00 00 80 3F,1,00 00 00 00,0,07,7
Stun Impact,btltbl.bin,4EF8,00,0,0A,10,03,3,03,3,08,8,04,4,00,0,00,0,00,0,00,0,00,0,03,3,00,0,00,0,10006,65542,00,0,6E,110,05,5,04,4,00,0,00,0,00 00 80 3F,1,00 00 80 3F,1,00 00 7A 43,250,00,0,00 00 80 3F,1,00 00 00 00,0,08,8
Gravity Break,btltbl.bin,4F68,00,0,08,8,08,8,08,8,30,48,28,40,C8,200,00,0,00,0,00,0,00,0,06,6,00,0,00,0,00,0,00,0,6E,110,07,7,28,40,00,0,00,0,00 00 80 3F,1,00 00 00 00,0,00 00 A0 41,20,00,0,00 00 80 3F,1,00 00 00 00,0,09,9
Zantetsuken,btltbl.bin,4FD8,02,2,08,8,03,3,03,3,30,48,FA,250,C8,200,00,0,00,0,00,0,00,0,06,6,00,0,00,0,00,0,00,0,6E,110,07,7,FA,250,00,0,00,0,00 00 80 3F,1,CC CC 4C BE,-0.2,00 00 20 41,10,00,0,00 00 80 3F,1,00 00 00 00,0,0A,10
Hurricane Blast,btltbl.bin,5048,00,0,01,1,05,5,05,5,30,48,06,6,04,4,04,4,00,0,00,0,00,0,06,6,00,0,00,0,10000,65536,00,0,6E,110,05,5,06,6,00,0,00,0,00 00 80 3F,1,CC CC CC BE,-0.4,00 00 A0 41,20,00,0,00 00 80 3F,1,00 00 00 00,0,0B,11
Sliding Dash,btltbl.bin,50B8,00,0,01,1,03,3,03,3,30,48,00,0,00,0,00,0,00,0,00,0,00,0,03,3,00,0,00,0,10000,65536,00,0,6E,110,01,1,00,0,00,0,00,0,00 00 80 3F,1,00 00 00 00,0,00 00 F0 41,30,00,0,00 00 80 3F,1,00 00 00 00,0,0C,12
Slapshot,btltbl.bin,5128,00,0,01,1,03,3,03,3,30,48,00,0,04,4,04,4,00,0,00,0,00,0,03,3,00,0,00,0,00,0,00,0,6E,110,01,1,00,0,00,0,00,0,00 00 80 3F,1,00 00 00 00,0,00 00 20 41,10,00,0,00 00 80 3F,1,00 00 00 00,0,0D,13
,btltbl.bin,5198,00,0,01,1,00,0,00,0,30,48,00,0,00,0,00,0,00,0,00,0,00,0,00,0,00,0,00,0,00,0,00,0,6E,110,01,1,00,0,00,0,00,0,00 00 80 3F,1,00 00 00 00,0,00 00 00 00,0,00,0,00 00 80 3F,1,00 00 00 00,0,0E,14
,btltbl.bin,5208,00,0,01,1,00,0,00,0,30,48,00,0,00,0,00,0,00,0,00,0,00,0,00,0,00,0,00,0,00,0,00,0,6E,110,01,1,00,0,00,0,00,0,00 00 80 3F,1,00 00 00 00,0,00 00 00 00,0,00,0,00 00 80 3F,1,00 00 00 00,0,0F,15
,btltbl.bin,5278,00,0,01,1,00,0,00,0,30,48,00,0,00,0,00,0,00,0,00,0,00,0,00,0,00,0,00,0,00,0,00,0,6E,110,01,1,00,0,00,0,00,0,00 00 80 3F,1,00 00 00 00,0,00 00 00 00,0,00,0,00 00 80 3F,1,00 00 00 00,0,10,16
Ars Arcanum hit 12,btltbl.bin,52E8,00,0,01,1,03,3,03,3,30,48,06,6,C8,200,00,0,00,0,00,0,00,0,00,0,00,0,00,0,10006,65542,00,0,6E,110,01,1,06,6,00,0,00,0,00 00 80 3F,1,00 00 00 00,0,00 00 F0 41,30,00,0,00 00 80 3F,1,00 00 00 00,0,11,17
Genie attack,btltbl.bin,5358,03,3,00,0,03,3,03,3,FFFFFFFF,-1,0A,10,00,0,00,0,00,0,00,0,02,2,00,0,00,0,00,0,05,5,01,1,6E,110,00,0,0A,10,00,0,00,0,00 00 00 00,0,00 00 00 00,0,00 00 00 00,0,00,0,00 00 80 3F,1,00 00 00 00,0,12,18
,btltbl.bin,53C8,03,3,00,0,03,3,03,3,FFFFFFFF,-1,1A,26,00,0,00,0,00,0,00,0,00,0,00,0,00,0,00,0,06,6,00,0,6E,110,00,0,1A,26,00,0,00,0,00 00 00 00,0,00 00 00 00,0,00 00 00 00,0,00,0,00 00 80 3F,1,00 00 00 00,0,13,19
,btltbl.bin,5438,03,3,00,0,05,5,05,5,FFFFFFFF,-1,1C,28,00,0,00,0,00,0,00,0,00,0,00,0,00,0,00,0,06,6,00,0,6E,110,00,0,1C,28,00,0,00,0,00 00 00 00,0,00 00 00 00,0,00 00 00 00,0,00,0,00 00 80 3F,1,00 00 00 00,0,14,20
,btltbl.bin,54A8,03,3,0A,10,03,3,03,3,FFFFFFFF,-1,1E,30,00,0,00,0,00,0,00,0,00,0,00,0,00,0,00,0,06,6,00,0,6E,110,00,0,1E,30,00,0,00,0,00 00 00 00,0,00 00 00 00,0,00 00 00 00,0,00,0,00 00 80 3F,1,00 00 00 00,0,15,21
,btltbl.bin,5518,03,3,0A,10,05,5,05,5,FFFFFFFF,-1,20,32,00,0,00,0,00,0,00,0,00,0,00,0,00,0,00,0,06,6,00,0,6E,110,00,0,20,32,00,0,00,0,00 00 00 00,0,00 00 00 00,0,00 00 00 00,0,00,0,00 00 80 3F,1,00 00 00 00,0,16,22
,btltbl.bin,5588,05,5,08,8,05,5,05,5,FFFFFFFF,-1,12C,300,00,0,00,0,00,0,00,0,00,0,00,0,00,0,00,0,06,6,00,0,6E,110,00,0,12C,300,00,0,00,0,00 00 00 00,0,00 00 00 00,0,00 00 00 00,0,00,0,00 00 80 3F,1,00 00 00 00,0,17,23
Strike Raid throw,btltbl.bin,55F8,00,0,01,1,03,3,03,3,30,48,0A,10,C8,200,00,0,00,0,00,0,00,0,00,0,00,0,00,0,06,6,00,0,6E,110,07,7,0A,10,00,0,00,0,CC CC 4C 3F,0.8,CC CC CC BE,-0.4,00 00 82 42,65,00,0,00 00 80 3F,1,00 00 00 00,0,18,24
Strike Raid final throw,btltbl.bin,5668,00,0,01,1,05,5,05,5,30,48,0C,12,C8,200,00,0,00,0,00,0,01,1,00,0,00,0,00,0,06,6,00,0,6E,110,07,7,0C,12,00,0,00,0,CC CC 4C 3F,0.8,CC CC CC BE,-0.4,00 00 A0 42,80,00,0,00 00 80 3F,1,00 00 00 00,0,19,25
,btltbl.bin,56D8,05,5,08,8,05,5,05,5,FFFFFFFF,-1,258,600,00,0,00,0,00,0,00,0,00,0,00,0,00,0,00,0,06,6,00,0,6E,110,00,0,258,600,00,0,00,0,00 00 00 00,0,00 00 00 00,0,00 00 C8 44,1600,00,0,00 00 80 3F,1,00 00 00 00,0,1A,26
,btltbl.bin,5748,03,3,00,0,03,3,03,3,FFFFFFFF,-1,14,20,00,0,00,0,00,0,00,0,02,2,00,0,00,0,00,0,06,6,00,0,6E,110,01,1,14,20,00,0,00,0,00 00 00 00,0,00 00 00 00,0,00 00 48 42,50,00,0,00 00 80 3F,1,00 00 00 00,0,1B,27
,btltbl.bin,57B8,02,2,09,9,00,0,00,0,FFFFFFFF,-1,05,5,00,0,00,0,00,0,00,0,05,5,00,0,00,0,00,0,06,6,00,0,6E,110,00,0,05,5,00,0,00,0,00 00 00 00,0,00 00 00 00,0,00 00 00 00,0,00,0,00 00 80 3F,1,00 00 00 00,0,1C,28
Genie attack,btltbl.bin,5828,05,5,08,8,08,8,08,8,FFFFFFFF,-1,14,20,00,0,00,0,00,0,00,0,06,6,00,0,00,0,00,0,06,6,00,0,6E,110,05,5,14,20,00,0,00,0,00 00 00 00,0,00 00 00 00,0,00 00 00 00,0,00,0,00 00 80 3F,1,00 00 00 00,0,1D,29
Genie attack,btltbl.bin,5898,03,3,04,4,03,3,03,3,FFFFFFFF,-1,10,16,00,0,00,0,00,0,00,0,04,4,00,0,00,0,00,0,06,6,00,0,6E,110,00,0,10,16,00,0,00,0,00 00 00 00,0,00 00 00 00,0,00 00 00 00,0,00,0,00 00 80 3F,1,00 00 00 00,0,1E,30
,btltbl.bin,5908,03,3,0A,10,03,3,03,3,FFFFFFFF,-1,0E,14,00,0,00,0,00,0,00,0,03,3,00,0,00,0,00,0,05,5,01,1,6E,110,00,0,0E,14,00,0,00,0,00 00 00 00,0,00 00 00 00,0,00 00 00 00,0,00,0,00 00 80 3F,1,00 00 00 00,0,1F,31
,btltbl.bin,5978,03,3,00,0,05,5,05,5,FFFFFFFF,-1,12,18,00,0,00,0,00,0,00,0,00,0,00,0,00,0,00,0,05,5,01,1,6E,110,00,0,12,18,00,0,00,0,00 00 00 00,0,00 00 00 00,0,00 00 00 00,0,00,0,00 00 80 3F,1,00 00 00 00,0,20,32
Genie attack,btltbl.bin,59E8,03,3,00,0,03,3,03,3,FFFFFFFF,-1,0A,10,00,0,00,0,00,0,00,0,01,1,00,0,00,0,00,0,05,5,01,1,6E,110,00,0,0A,10,00,0,00,0,00 00 00 00,0,00 00 00 00,0,00 00 00 00,0,00,0,00 00 80 3F,1,00 00 00 00,0,21,33
Ars Arcanum / Ragnarok hit,btltbl.bin,5A58,00,0,01,1,03,3,03,3,30,48,00,0,00,0,00,0,00,0,00,0,00,0,00,0,00,0,00,0,10006,65542,00,0,6E,110,01,1,00,0,00,0,00,0,00 00 80 3F,1,00 00 00 00,0,00 00 F0 41,30,00,0,00 00 80 3F,1,00 00 00 00,0,22,34
Ragnarok hit 5,btltbl.bin,5AC8,00,0,01,1,05,5,05,5,30,48,08,8,C8,200,00,0,00,0,00,0,01,1,00,0,00,0,00,0,10006,65542,00,0,6E,110,07,7,08,8,00,0,00,0,00 00 80 3F,1,00 00 00 00,0,00 00 F0 41,30,00,0,00 00 80 3F,1,00 00 00 00,0,23,35
Ars Arcanum hit 7,btltbl.bin,5B38,00,0,01,1,03,3,03,3,30,48,0A,10,C8,200,00,0,00,0,00,0,01,1,00,0,00,0,00,0,10006,65542,00,0,6E,110,07,7,0A,10,00,0,00,0,00 00 80 3F,1,00 00 00 00,0,00 00 F0 41,30,00,0,00 00 80 3F,1,00 00 00 00,0,24,36
Ars Arcanum final,btltbl.bin,5BA8,00,0,01,1,05,5,05,5,30,48,0A,10,C8,200,00,0,00,0,00,0,02,2,00,0,00,0,00,0,10006,65542,00,0,6E,110,07,7,0A,10,00,0,00,0,00 00 80 3F,1,00 00 00 00,0,00 00 F0 41,30,00,0,00 00 80 3F,1,00 00 00 00,0,25,37
Sonic Blade rush,btltbl.bin,5C18,00,0,0A,10,03,3,03,3,30,48,06,6,C8,200,00,0,00,0,00,0,00,0,00,0,00,0,00,0,10006,65542,00,0,6E,110,07,7,06,6,00,0,00,0,CC CC 4C BE,-0.2,CC CC 4C BE,-0.2,00 00 70 42,60,00,0,00 00 80 3F,1,00 00 00 00,0,26,38
Sonic Blade final,btltbl.bin,5C88,00,0,0A,10,03,3,03,3,30,48,0A,10,C8,200,00,0,00,0,00,0,00,0,00,0,00,0,00,0,10006,65542,00,0,6E,110,07,7,0A,10,00,0,00,0,CC CC 4C BE,-0.2,CC CC 4C BE,-0.2,00 00 70 42,60,00,0,00 00 80 3F,1,00 00 00 00,0,27,39
,btltbl.bin,5CF8,03,3,00,0,03,3,03,3,FFFFFFFF,-1,08,8,00,0,00,0,00,0,00,0,01,1,00,0,00,0,00,0,10005,65541,63,99,6E,110,00,0,08,8,00,0,00,0,00 00 00 00,0,00 00 00 00,0,00 00 A0 42,80,00,0,00 00 80 3F,1,00 00 00 00,0,28,40
,btltbl.bin,5D68,03,3,00,0,03,3,03,3,FFFFFFFF,-1,08,8,00,0,00,0,00,0,00,0,01,1,00,0,00,0,00,0,10000,65536,63,99,6E,110,00,0,08,8,00,0,00,0,00 00 00 00,0,00 00 00 00,0,00 00 A0 42,80,00,0,00 00 80 3F,1,00 00 00 00,0,29,41
,btltbl.bin,5DD8,03,3,02,2,03,3,03,3,FFFFFFFF,-1,0A,10,00,0,00,0,00,0,00,0,00,0,00,0,00,0,00,0,05,5,01,1,6E,110,01,1,0A,10,00,0,00,0,00 00 00 00,0,00 00 00 00,0,00 00 00 00,0,00,0,00 00 80 3F,1,00 00 00 00,0,2A,42
,btltbl.bin,5E48,03,3,02,2,03,3,03,3,FFFFFFFF,-1,0A,10,00,0,00,0,00,0,00,0,01,1,00,0,00,0,00,0,05,5,01,1,6E,110,01,1,0A,10,00,0,00,0,00 00 00 00,0,00 00 00 00,0,00 00 00 00,0,00,0,00 00 80 3F,1,00 00 00 00,0,2B,43
,btltbl.bin,5EB8,03,3,03,3,03,3,03,3,FFFFFFFF,-1,0E,14,00,0,00,0,00,0,00,0,00,0,00,0,00,0,00,0,06,6,00,0,6E,110,00,0,0E,14,00,0,00,0,00 00 00 00,0,00 00 00 00,0,00 00 00 00,0,00,0,00 00 80 3F,1,00 00 00 00,0,2C,44
Fire,btltbl.bin,5F28,01,1,02,2,03,3,03,3,FFFFFFFF,-1,14,20,00,0,00,0,00,0,00,0,00,0,00,0,1E,30,00,0,05,5,01,1,6E,110,03,3,14,20,00,0,00,0,00 00 00 00,0,00 00 00 00,0,00 00 48 42,50,00,0,00 00 80 3F,1,00 00 00 00,0,3E8,1000
Fira,btltbl.bin,5F98,01,1,02,2,03,3,03,3,FFFFFFFF,-1,1C,28,00,0,00,0,00,0,00,0,00,0,00,0,1E,30,00,0,05,5,01,1,6E,110,05,5,1C,28,00,0,00,0,00 00 00 00,0,00 00 00 00,0,00 00 48 42,50,00,0,00 00 80 3F,1,00 00 00 00,0,3E9,1001
Firaga,btltbl.bin,6008,01,1,02,2,03,3,03,3,FFFFFFFF,-1,24,36,00,0,00,0,00,0,00,0,00,0,00,0,1E,30,00,0,05,5,01,1,6E,110,07,7,24,36,00,0,00,0,00 00 00 00,0,00 00 00 00,0,00 00 48 42,50,00,0,00 00 80 3F,1,00 00 00 00,0,3EA,1002
Blizzard,btltbl.bin,6078,01,1,03,3,03,3,03,3,FFFFFFFF,-1,16,22,00,0,00,0,00,0,00,0,00,0,00,0,1E,30,00,0,05,5,01,1,6E,110,00,0,16,22,00,0,00,0,00 00 00 00,0,00 00 00 00,0,00 00 8C 42,70,00,0,00 00 80 3F,1,00 00 00 00,0,3EB,1003
Blizzara,btltbl.bin,60E8,01,1,03,3,03,3,03,3,FFFFFFFF,-1,1B,27,00,0,00,0,00,0,00,0,00,0,00,0,1E,30,00,0,05,5,01,1,6E,110,00,0,1B,27,00,0,00,0,00 00 00 00,0,00 00 00 00,0,00 00 B4 42,90,00,0,00 00 80 3F,1,00 00 00 00,0,3EC,1004
Blizzaga,btltbl.bin,6158,01,1,03,3,03,3,03,3,FFFFFFFF,-1,22,34,00,0,00,0,00,0,00,0,00,0,00,0,1E,30,00,0,05,5,01,1,6E,110,00,0,22,34,00,0,00,0,00 00 00 00,0,00 00 00 00,0,00 00 F0 42,120,00,0,00 00 80 3F,1,00 00 00 00,0,3ED,1005
Thunder,btltbl.bin,61C8,03,3,04,4,03,3,03,3,FFFFFFFF,-1,10,16,00,0,00,0,00,0,00,0,00,0,00,0,64,100,00,0,06,6,00,0,6E,110,00,0,10,16,00,0,00,0,00 00 00 00,0,00 00 00 00,0,00 00 00 00,0,00,0,00 00 80 3F,1,00 00 00 00,0,3EE,1006
Thundara,btltbl.bin,6238,03,3,04,4,03,3,03,3,FFFFFFFF,-1,14,20,00,0,00,0,00,0,00,0,00,0,00,0,64,100,00,0,06,6,00,0,6E,110,00,0,14,20,00,0,00,0,00 00 00 00,0,00 00 00 00,0,00 00 00 00,0,00,0,00 00 80 3F,1,00 00 00 00,0,3EF,1007
Thundaga,btltbl.bin,62A8,03,3,04,4,03,3,03,3,FFFFFFFF,-1,1A,26,00,0,00,0,00,0,00,0,00,0,00,0,64,100,00,0,06,6,00,0,6E,110,00,0,1A,26,00,0,00,0,00 00 00 00,0,00 00 00 00,0,00 00 00 00,0,00,0,00 00 80 3F,1,00 00 00 00,0,3F0,1008
Cure,btltbl.bin,6318,01,1,0B,11,00,0,00,0,FFFFFFFF,-1,0F,15,00,0,00,0,00,0,00,0,00,0,00,0,64,100,00,0,06,6,00,0,6E,110,00,0,0F,15,00,0,00,0,00 00 00 00,0,00 00 00 00,0,00 00 00 00,0,00,0,00 00 80 3F,1,00 00 00 00,0,3F1,1009
Cura,btltbl.bin,6388,01,1,0B,11,00,0,00,0,FFFFFFFF,-1,1B,27,00,0,00,0,00,0,00,0,00,0,00,0,64,100,00,0,06,6,00,0,6E,110,00,0,1B,27,00,0,00,0,00 00 00 00,0,00 00 00 00,0,00 00 00 00,0,00,0,00 00 80 3F,1,00 00 00 00,0,3F2,1010
Curaga,btltbl.bin,63F8,01,1,0B,11,00,0,00,0,FFFFFFFF,-1,24,36,00,0,00,0,00,0,00,0,00,0,00,0,64,100,00,0,06,6,00,0,6E,110,00,0,24,36,00,0,00,0,00 00 00 00,0,00 00 00 00,0,00 00 00 00,0,00,0,00 00 80 3F,1,00 00 00 00,0,3F3,1011
Gravity,btltbl.bin,6468,05,5,08,8,08,8,08,8,FFFFFFFF,-1,28,40,00,0,00,0,00,0,00,0,00,0,00,0,64,100,00,0,06,6,00,0,6E,110,05,5,28,40,00,0,00,0,00 00 00 00,0,00 00 00 00,0,00 00 00 00,0,00,0,00 00 80 3F,1,00 00 00 00,0,3F4,1012
Gravira,btltbl.bin,64D8,05,5,08,8,08,8,08,8,FFFFFFFF,-1,37,55,00,0,00,0,00,0,00,0,00,0,00,0,64,100,00,0,06,6,00,0,6E,110,07,7,37,55,00,0,00,0,00 00 00 00,0,00 00 00 00,0,00 00 00 00,0,00,0,00 00 80 3F,1,00 00 00 00,0,3F5,1013
Graviga,btltbl.bin,6548,05,5,08,8,08,8,08,8,FFFFFFFF,-1,46,70,00,0,00,0,00,0,00,0,00,0,00,0,64,100,00,0,06,6,00,0,6E,110,07,7,46,70,00,0,00,0,00 00 00 00,0,00 00 00 00,0,00 00 00 00,0,00,0,00 00 80 3F,1,00 00 00 00,0,3F6,1014
Stop,btltbl.bin,65B8,01,1,09,9,00,0,00,0,FFFFFFFF,-1,02,2,00,0,00,0,00,0,00,0,00,0,00,0,C8,200,00,0,06,6,00,0,6E,110,00,0,02,2,00,0,00,0,00 00 00 00,0,00 00 00 00,0,00 00 00 00,0,00,0,00 00 80 3F,1,00 00 00 00,0,3F7,1015
Stopra,btltbl.bin,6628,01,1,09,9,00,0,00,0,FFFFFFFF,-1,02,2,00,0,00,0,00,0,00,0,00,0,00,0,C8,200,00,0,06,6,00,0,6E,110,00,0,02,2,00,0,00,0,00 00 00 00,0,00 00 00 00,0,00 00 00 00,0,00,0,00 00 80 3F,1,00 00 00 00,0,3F8,1016
Stopga,btltbl.bin,6698,01,1,09,9,00,0,00,0,FFFFFFFF,-1,02,2,00,0,00,0,00,0,00,0,00,0,00,0,C8,200,00,0,06,6,00,0,6E,110,00,0,02,2,00,0,00,0,00 00 00 00,0,00 00 00 00,0,00 00 00 00,0,00,0,00 00 80 3F,1,00 00 00 00,0,3F9,1017
Aero,btltbl.bin,6708,01,1,0C,12,00,0,00,0,FFFFFFFF,-1,12,18,00,0,00,0,00,0,00,0,00,0,00,0,C8,200,00,0,06,6,00,0,6E,110,00,0,12,18,00,0,00,0,00 00 00 00,0,00 00 00 00,0,00 00 00 00,0,00,0,00 00 80 3F,1,00 00 00 00,0,3FA,1018
Aerora,btltbl.bin,6778,01,1,0C,12,00,0,00,0,FFFFFFFF,-1,12,18,00,0,00,0,00,0,00,0,00,0,00,0,C8,200,00,0,06,6,00,0,6E,110,00,0,12,18,00,0,00,0,00 00 00 00,0,00 00 00 00,0,00 00 00 00,0,00,0,00 00 80 3F,1,00 00 00 00,0,3FB,1019
Aeroga,btltbl.bin,67E8,01,1,0C,12,00,0,00,0,FFFFFFFF,-1,12,18,00,0,00,0,00,0,00,0,00,0,00,0,C8,200,00,0,06,6,00,0,6E,110,00,0,12,18,00,0,00,0,00 00 00 00,0,00 00 00 00,0,00 00 00 00,0,00,0,00 00 80 3F,1,00 00 00 00,0,3FC,1020
,btltbl.bin,6858,00,0,01,1,03,3,03,3,30,48,00,0,14,20,00,0,00,0,00,0,00,0,06,6,00,0,00,0,00,0,00,0,6E,110,00,0,00,0,00,0,00,0,00 00 80 3F,1,00 00 00 00,0,00 00 00 00,0,00,0,00 00 80 3F,1,00 00 00 00,0,64,100
,btltbl.bin,68C8,00,0,01,1,05,5,05,5,30,48,00,0,00,0,00,0,00,0,00,0,00,0,00,0,00,0,00,0,00,0,00,0,6E,110,00,0,00,0,00,0,00,0,00 00 80 3F,1,00 00 00 00,0,00 00 00 00,0,00,0,00 00 80 3F,1,00 00 00 00,0,65,101
,btltbl.bin,6938,00,0,01,1,05,5,05,5,30,48,00,0,00,0,00,0,00,0,00,0,00,0,00,0,00,0,00,0,00,0,00,0,6E,110,00,0,00,0,00,0,00,0,00 00 80 3F,1,00 00 00 00,0,00 00 00 00,0,00,0,00 00 80 3F,1,00 00 00 00,0,66,102
,btltbl.bin,69A8,00,0,01,1,05,5,05,5,30,48,00,0,00,0,00,0,00,0,00,0,00,0,00,0,00,0,00,0,00,0,00,0,6E,110,00,0,00,0,00,0,00,0,00 00 80 3F,1,00 00 00 00,0,00 00 00 00,0,00,0,00 00 80 3F,1,00 00 00 00,0,67,103
,btltbl.bin,6A18,00,0,01,1,05,5,05,5,30,48,00,0,00,0,00,0,00,0,00,0,00,0,00,0,00,0,00,0,00,0,00,0,6E,110,00,0,00,0,00,0,00,0,00 00 80 3F,1,00 00 00 00,0,00 00 00 00,0,00,0,00 00 80 3F,1,00 00 00 00,0,68,104
,btltbl.bin,6A88,00,0,01,1,05,5,05,5,30,48,00,0,00,0,00,0,00,0,00,0,00,0,00,0,00,0,00,0,00,0,00,0,6E,110,00,0,00,0,00,0,00,0,00 00 80 3F,1,00 00 00 00,0,00 00 00 00,0,00,0,00 00 80 3F,1,00 00 00 00,0,69,105
,btltbl.bin,6AF8,00,0,01,1,05,5,05,5,30,48,00,0,00,0,00,0,00,0,00,0,00,0,00,0,00,0,00,0,00,0,00,0,6E,110,00,0,00,0,00,0,00,0,00 00 80 3F,1,00 00 00 00,0,00 00 00 00,0,00,0,00 00 80 3F,1,00 00 00 00,0,6A,106
,btltbl.bin,6B68,00,0,01,1,05,5,05,5,30,48,00,0,00,0,00,0,00,0,00,0,00,0,00,0,00,0,00,0,00,0,00,0,6E,110,00,0,00,0,00,0,00,0,00 00 80 3F,1,00 00 00 00,0,00 00 00 00,0,00,0,00 00 80 3F,1,00 00 00 00,0,6B,107
,btltbl.bin,6BD8,00,0,01,1,05,5,05,5,30,48,00,0,00,0,00,0,00,0,00,0,00,0,00,0,00,0,00,0,00,0,00,0,6E,110,00,0,00,0,00,0,00,0,00 00 80 3F,1,00 00 00 00,0,00 00 00 00,0,00,0,00 00 80 3F,1,00 00 00 00,0,6C,108
,btltbl.bin,6C48,00,0,01,1,05,5,05,5,30,48,00,0,00,0,00,0,00,0,00,0,00,0,00,0,00,0,00,0,00,0,00,0,6E,110,00,0,00,0,00,0,00,0,00 00 80 3F,1,00 00 00 00,0,00 00 00 00,0,00,0,00 00 80 3F,1,00 00 00 00,0,6D,109
,btltbl.bin,6CB8,00,0,01,1,05,5,05,5,30,48,00,0,00,0,00,0,00,0,00,0,00,0,00,0,00,0,00,0,00,0,00,0,6E,110,00,0,00,0,00,0,00,0,00 00 80 3F,1,00 00 00 00,0,00 00 00 00,0,00,0,00 00 80 3F,1,00 00 00 00,0,6E,110
,btltbl.bin,6D28,00,0,01,1,05,5,05,5,30,48,00,0,00,0,00,0,00,0,00,0,00,0,00,0,00,0,00,0,00,0,00,0,6E,110,00,0,00,0,00,0,00,0,00 00 80 3F,1,00 00 00 00,0,00 00 00 00,0,00,0,00 00 80 3F,1,00 00 00 00,0,6F,111
,btltbl.bin,6D98,00,0,01,1,05,5,05,5,30,48,00,0,00,0,00,0,00,0,00,0,00,0,00,0,00,0,00,0,00,0,00,0,6E,110,00,0,00,0,00,0,00,0,00 00 80 3F,1,00 00 00 00,0,00 00 00 00,0,00,0,00 00 80 3F,1,00 00 00 00,0,70,112
,btltbl.bin,6E08,00,0,01,1,03,3,03,3,30,48,00,0,14,20,00,0,00,0,00,0,00,0,03,3,00,0,00,0,03,3,00,0,6E,110,00,0,00,0,00,0,00,0,00 00 80 3F,1,00 00 00 00,0,00 00 00 00,0,00,0,00 00 00 3F,0.5,00 00 00 00,0,C8,200
,btltbl.bin,6E78,00,0,01,1,03,3,03,3,30,48,FFFFFFFC,-4,00,0,00,0,00,0,00,0,00,0,01,1,00,0,00,0,03,3,00,0,6E,110,00,0,FFFFFFFC,-4,00,0,00,0,00 00 80 3F,1,00 00 00 00,0,00 00 20 C1,-10,00,0,00 00 00 3F,0.5,00 00 00 00,0,C9,201
,btltbl.bin,6EE8,00,0,01,1,00,0,00,0,30,48,00,0,00,0,00,0,00,0,00,0,00,0,00,0,00,0,00,0,10004,65540,00,0,6E,110,00,0,00,0,00,0,00,0,00 00 80 3F,1,00 00 00 00,0,00 00 20 C1,-10,00,0,00 00 00 3F,0.5,00 00 00 00,0,CA,202
,btltbl.bin,6F58,00,0,0A,10,03,3,03,3,30,48,04,4,C8,200,02,2,00,0,00,0,00,0,00,0,64,100,00,0,03,3,63,99,6E,110,00,0,04,4,00,0,00,0,00 00 00 00,0,00 00 00 00,0,00 00 F0 41,30,00,0,00 00 00 00,0,00 00 00 00,0,CB,203
,btltbl.bin,6FC8,00,0,01,1,05,5,05,5,30,48,08,8,C8,200,02,2,00,0,00,0,00,0,00,0,64,100,00,0,10003,65539,63,99,6E,110,00,0,08,8,00,0,00,0,00 00 00 00,0,00 00 00 00,0,00 00 20 42,40,00,0,00 00 80 BF,-1,00 00 00 00,0,CC,204
,btltbl.bin,7038,00,0,01,1,03,3,03,3,30,48,FFFFFFF6,-10,C8,200,02,2,00,0,00,0,00,0,00,0,64,100,00,0,10003,65539,63,99,6E,110,00,0,FFFFFFF6,-10,00,0,00,0,00 00 00 00,0,00 00 00 00,0,00 00 F0 41,30,00,0,00 00 80 BF,-1,00 00 00 00,0,CD,205
,btltbl.bin,70A8,00,0,01,1,05,5,05,5,30,48,00,0,00,0,00,0,00,0,00,0,00,0,00,0,00,0,00,0,00,0,00,0,6E,110,00,0,00,0,00,0,00,0,00 00 80 3F,1,00 00 00 00,0,00 00 00 00,0,00,0,00 00 80 3F,1,00 00 00 00,0,CE,206
,btltbl.bin,7118,00,0,01,1,05,5,05,5,30,48,00,0,00,0,00,0,00,0,00,0,00,0,00,0,00,0,00,0,00,0,00,0,6E,110,00,0,00,0,00,0,00,0,00 00 80 3F,1,00 00 00 00,0,00 00 00 00,0,00,0,00 00 80 3F,1,00 00 00 00,0,CF,207
,btltbl.bin,7188,00,0,01,1,05,5,05,5,30,48,00,0,00,0,00,0,00,0,00,0,00,0,00,0,00,0,00,0,00,0,00,0,6E,110,00,0,00,0,00,0,00,0,00 00 80 3F,1,00 00 00 00,0,00 00 00 00,0,00,0,00 00 80 3F,1,00 00 00 00,0,D0,208
,btltbl.bin,71F8,00,0,01,1,05,5,05,5,30,48,00,0,00,0,00,0,00,0,00,0,00,0,00,0,00,0,00,0,00,0,00,0,6E,110,00,0,00,0,00,0,00,0,00 00 80 3F,1,00 00 00 00,0,00 00 00 00,0,00,0,00 00 80 3F,1,00 00 00 00,0,D1,209
,btltbl.bin,7268,00,0,01,1,05,5,05,5,30,48,00,0,00,0,00,0,00,0,00,0,00,0,00,0,00,0,00,0,00,0,00,0,6E,110,00,0,00,0,00,0,00,0,00 00 80 3F,1,00 00 00 00,0,00 00 00 00,0,00,0,00 00 80 3F,1,00 00 00 00,0,D2,210
,btltbl.bin,72D8,00,0,01,1,05,5,05,5,30,48,00,0,00,0,00,0,00,0,00,0,00,0,00,0,00,0,00,0,00,0,00,0,6E,110,00,0,00,0,00,0,00,0,00 00 80 3F,1,00 00 00 00,0,00 00 00 00,0,00,0,00 00 80 3F,1,00 00 00 00,0,D3,211
,btltbl.bin,7348,00,0,01,1,05,5,05,5,30,48,00,0,00,0,00,0,00,0,00,0,00,0,00,0,00,0,00,0,00,0,00,0,6E,110,00,0,00,0,00,0,00,0,00 00 80 3F,1,00 00 00 00,0,00 00 00 00,0,00,0,00 00 80 3F,1,00 00 00 00,0,D4,212
,btltbl.bin,73B8,00,0,01,1,03,3,03,3,30,48,00,0,04,4,06,6,00,0,00,0,00,0,03,3,00,0,00,0,00,0,00,0,6E,110,00,0,00,0,00,0,00,0,00 00 80 3F,1,00 00 00 00,0,00 00 00 00,0,00,0,00 00 80 3F,1,00 00 00 00,0,12C,300
,btltbl.bin,7428,00,0,01,1,05,5,05,5,30,48,08,8,C8,200,00,0,00,0,00,0,00,0,00,0,64,100,00,0,00,0,63,99,6E,110,00,0,08,8,00,0,00,0,00 00 80 3F,1,00 00 00 00,0,00 00 A0 41,20,00,0,00 00 80 3F,1,00 00 00 00,0,12D,301
,btltbl.bin,7498,00,0,0A,10,03,3,03,3,30,48,08,8,C8,200,00,0,00,0,00,0,00,0,00,0,64,100,00,0,00,0,63,99,6E,110,00,0,08,8,00,0,00,0,00 00 80 3F,1,00 00 00 00,0,00 00 A0 41,20,00,0,00 00 80 3F,1,00 00 00 00,0,12E,302
,btltbl.bin,7508,00,0,01,1,05,5,05,5,30,48,00,0,00,0,00,0,00,0,00,0,00,0,00,0,00,0,00,0,00,0,00,0,6E,110,00,0,00,0,00,0,00,0,00 00 80 3F,1,00 00 00 00,0,00 00 00 00,0,00,0,00 00 80 3F,1,00 00 00 00,0,12F,303
,btltbl.bin,7578,00,0,01,1,05,5,05,5,30,48,00,0,00,0,00,0,00,0,00,0,00,0,00,0,00,0,00,0,00,0,00,0,6E,110,00,0,00,0,00,0,00,0,00 00 80 3F,1,00 00 00 00,0,00 00 00 00,0,00,0,00 00 80 3F,1,00 00 00 00,0,130,304
,btltbl.bin,75E8,00,0,01,1,05,5,05,5,30,48,00,0,00,0,00,0,00,0,00,0,00,0,00,0,00,0,00,0,00,0,00,0,6E,110,00,0,00,0,00,0,00,0,00 00 80 3F,1,00 00 00 00,0,00 00 00 00,0,00,0,00 00 80 3F,1,00 00 00 00,0,131,305
,btltbl.bin,7658,00,0,01,1,05,5,05,5,30,48,00,0,00,0,00,0,00,0,00,0,00,0,00,0,00,0,00,0,00,0,00,0,6E,110,00,0,00,0,00,0,00,0,00 00 80 3F,1,00 00 00 00,0,00 00 00 00,0,00,0,00 00 80 3F,1,00 00 00 00,0,132,306
,btltbl.bin,76C8,00,0,01,1,05,5,05,5,30,48,00,0,00,0,00,0,00,0,00,0,00,0,00,0,00,0,00,0,00,0,00,0,6E,110,00,0,00,0,00,0,00,0,00 00 80 3F,1,00 00 00 00,0,00 00 00 00,0,00,0,00 00 80 3F,1,00 00 00 00,0,133,307
,btltbl.bin,7738,00,0,01,1,05,5,05,5,30,48,00,0,00,0,00,0,00,0,00,0,00,0,00,0,00,0,00,0,00,0,00,0,6E,110,00,0,00,0,00,0,00,0,00 00 80 3F,1,00 00 00 00,0,00 00 00 00,0,00,0,00 00 80 3F,1,00 00 00 00,0,134,308
,btltbl.bin,77A8,00,0,01,1,05,5,05,5,30,48,00,0,00,0,00,0,00,0,00,0,00,0,00,0,00,0,00,0,00,0,00,0,6E,110,00,0,00,0,00,0,00,0,00 00 80 3F,1,00 00 00 00,0,00 00 00 00,0,00,0,00 00 80 3F,1,00 00 00 00,0,135,309
,btltbl.bin,7818,00,0,01,1,03,3,03,3,30,48,00,0,04,4,06,6,00,0,00,0,00,0,03,3,00,0,00,0,00,0,00,0,6E,110,00,0,00,0,00,0,00,0,00 00 80 3F,1,00 00 00 00,0,00 00 00 00,0,00,0,00 00 80 3F,1,00 00 00 00,0,1F4,500
,btltbl.bin,7888,00,0,01,1,05,5,05,5,30,48,0C,12,C8,200,00,0,00,0,00,0,00,0,00,0,64,100,00,0,10000,65536,63,99,6E,110,00,0,0C,12,00,0,00,0,00 00 80 3F,1,00 00 00 00,0,00 00 A0 41,20,00,0,00 00 80 3F,1,00 00 00 00,0,1F5,501
,btltbl.bin,78F8,00,0,01,1,05,5,05,5,30,48,08,8,C8,200,00,0,00,0,00,0,00,0,00,0,64,100,00,0,00,0,63,99,6E,110,00,0,08,8,00,0,00,0,00 00 80 3F,1,00 00 00 00,0,00 00 A0 41,20,00,0,00 00 80 3F,1,00 00 00 00,0,1F6,502
,btltbl.bin,7968,00,0,01,1,05,5,05,5,30,48,00,0,00,0,00,0,00,0,00,0,00,0,00,0,00,0,00,0,00,0,00,0,6E,110,00,0,00,0,00,0,00,0,00 00 80 3F,1,00 00 00 00,0,00 00 00 00,0,00,0,00 00 80 3F,1,00 00 00 00,0,1F7,503
,btltbl.bin,79D8,00,0,01,1,05,5,05,5,30,48,00,0,00,0,00,0,00,0,00,0,00,0,00,0,00,0,00,0,00,0,00,0,6E,110,00,0,00,0,00,0,00,0,00 00 80 3F,1,00 00 00 00,0,00 00 00 00,0,00,0,00 00 80 3F,1,00 00 00 00,0,1F8,504
,btltbl.bin,7A48,00,0,01,1,05,5,05,5,30,48,00,0,00,0,00,0,00,0,00,0,00,0,00,0,00,0,00,0,00,0,00,0,6E,110,00,0,00,0,00,0,00,0,00 00 80 3F,1,00 00 00 00,0,00 00 00 00,0,00,0,00 00 80 3F,1,00 00 00 00,0,1F9,505
,btltbl.bin,7AB8,00,0,01,1,05,5,05,5,30,48,00,0,00,0,00,0,00,0,00,0,00,0,00,0,00,0,00,0,00,0,00,0,6E,110,00,0,00,0,00,0,00,0,00 00 80 3F,1,00 00 00 00,0,00 00 00 00,0,00,0,00 00 80 3F,1,00 00 00 00,0,1FA,506
,btltbl.bin,7B28,00,0,01,1,05,5,05,5,30,48,00,0,00,0,00,0,00,0,00,0,00,0,00,0,00,0,00,0,00,0,00,0,6E,110,00,0,00,0,00,0,00,0,00 00 80 3F,1,00 00 00 00,0,00 00 00 00,0,00,0,00 00 80 3F,1,00 00 00 00,0,1FB,507
,btltbl.bin,7B98,00,0,01,1,05,5,05,5,30,48,00,0,00,0,00,0,00,0,00,0,00,0,00,0,00,0,00,0,00,0,00,0,6E,110,00,0,00,0,00,0,00,0,00 00 80 3F,1,00 00 00 00,0,00 00 00 00,0,00,0,00 00 80 3F,1,00 00 00 00,0,1FC,508
,btltbl.bin,7C08,00,0,01,1,05,5,05,5,30,48,00,0,00,0,00,0,00,0,00,0,00,0,00,0,00,0,00,0,00,0,00,0,6E,110,00,0,00,0,00,0,00,0,00 00 80 3F,1,00 00 00 00,0,00 00 00 00,0,00,0,00 00 80 3F,1,00 00 00 00,0,1FD,509
,btltbl.bin,7C78,00,0,01,1,03,3,03,3,24,36,00,0,04,4,06,6,00,0,00,0,00,0,03,3,00,0,00,0,00,0,14,20,6E,110,00,0,00,0,00,0,00,0,00 00 00 40,2,00 00 00 C0,-2,00 00 5C 42,55,00,0,00 00 80 3F,1,00 00 00 00,0,258,600
,btltbl.bin,7CE8,00,0,01,1,03,3,03,3,08,8,00,0,C8,200,00,0,00,0,00,0,00,0,00,0,64,100,00,0,10000,65536,63,99,6E,110,00,0,00,0,00,0,00,0,00 00 00 00,0,00 00 00 00,0,00 00 B4 42,90,00,0,00 00 80 3F,1,00 00 00 00,0,259,601
,btltbl.bin,7D58,00,0,01,1,05,5,05,5,1C,28,00,0,00,0,00,0,00,0,00,0,00,0,00,0,00,0,00,0,00,0,14,20,6E,110,00,0,00,0,00,0,00,0,00 00 80 3F,1,00 00 00 00,0,00 00 20 42,40,00,0,00 00 80 3F,1,00 00 00 00,0,25A,602
,btltbl.bin,7DC8,00,0,01,1,05,5,05,5,1C,28,00,0,00,0,00,0,00,0,00,0,00,0,00,0,00,0,00,0,00,0,14,20,6E,110,00,0,00,0,00,0,00,0,00 00 80 3F,1,00 00 00 00,0,00 00 20 42,40,00,0,00 00 80 3F,1,00 00 00 00,0,25B,603
,btltbl.bin,7E38,00,0,01,1,05,5,05,5,1C,28,00,0,00,0,00,0,00,0,00,0,00,0,00,0,00,0,00,0,00,0,14,20,6E,110,00,0,00,0,00,0,00,0,00 00 80 3F,1,00 00 00 00,0,00 00 20 42,40,00,0,00 00 80 3F,1,00 00 00 00,0,25C,604
,btltbl.bin,7EA8,00,0,01,1,05,5,05,5,1C,28,00,0,00,0,00,0,00,0,00,0,00,0,00,0,00,0,00,0,00,0,14,20,6E,110,00,0,00,0,00,0,00,0,00 00 80 3F,1,00 00 00 00,0,00 00 20 42,40,00,0,00 00 80 3F,1,00 00 00 00,0,25D,605
,btltbl.bin,7F18,00,0,01,1,05,5,05,5,1C,28,00,0,00,0,00,0,00,0,00,0,00,0,00,0,00,0,00,0,00,0,14,20,6E,110,00,0,00,0,00,0,00,0,00 00 80 3F,1,00 00 00 00,0,00 00 20 42,40,00,0,00 00 80 3F,1,00 00 00 00,0,25E,606
,btltbl.bin,7F88,00,0,01,1,05,5,05,5,1C,28,00,0,00,0,00,0,00,0,00,0,00,0,00,0,00,0,00,0,00,0,14,20,6E,110,00,0,00,0,00,0,00,0,00 00 80 3F,1,00 00 00 00,0,00 00 20 42,40,00,0,00 00 80 3F,1,00 00 00 00,0,25F,607
,btltbl.bin,7FF8,00,0,01,1,05,5,05,5,1C,28,00,0,00,0,00,0,00,0,00,0,00,0,00,0,00,0,00,0,00,0,14,20,6E,110,00,0,00,0,00,0,00,0,00 00 80 3F,1,00 00 00 00,0,00 00 20 42,40,00,0,00 00 80 3F,1,00 00 00 00,0,260,608
,btltbl.bin,8068,00,0,01,1,05,5,05,5,1C,28,00,0,00,0,00,0,00,0,00,0,00,0,00,0,00,0,00,0,00,0,14,20,6E,110,00,0,00,0,00,0,00,0,00 00 80 3F,1,00 00 00 00,0,00 00 20 42,40,00,0,00 00 80 3F,1,00 00 00 00,0,261,609
,btltbl.bin,80D8,00,0,01,1,03,3,03,3,18,24,00,0,04,4,06,6,00,0,00,0,00,0,03,3,00,0,00,0,00,0,14,20,6E,110,00,0,00,0,00,0,00,0,00 00 00 3F,0.5,00 00 00 3F,0.5,00 00 A0 42,80,00,0,00 00 80 3F,1,00 00 00 00,0,2BC,700
,btltbl.bin,8148,00,0,01,1,03,3,03,3,24,36,00,0,04,4,06,6,00,0,00,0,00,0,03,3,00,0,00,0,00,0,14,20,6E,110,00,0,00,0,00,0,00,0,00 00 80 3F,1,00 00 00 00,0,00 00 70 42,60,00,0,00 00 80 3F,1,00 00 00 00,0,2BD,701
,btltbl.bin,81B8,00,0,01,1,03,3,03,3,25,37,00,0,04,4,06,6,00,0,00,0,00,0,03,3,00,0,00,0,00,0,14,20,6E,110,00,0,00,0,00,0,00,0,00 00 80 3F,1,00 00 00 00,0,00 00 70 42,60,00,0,00 00 80 3F,1,00 00 00 00,0,2BE,702
,btltbl.bin,8228,00,0,01,1,03,3,03,3,0C,12,00,0,04,4,06,6,00,0,00,0,00,0,03,3,00,0,00,0,10000,65536,14,20,6E,110,00,0,00,0,00,0,00,0,00 00 80 3F,1,00 00 00 00,0,00 00 B4 42,90,00,0,00 00 80 3F,1,00 00 00 00,0,2BF,703
,btltbl.bin,8298,00,0,01,1,03,3,03,3,08,8,08,8,C8,200,00,0,00,0,00,0,00,0,00,0,64,100,00,0,10000,65536,63,99,6E,110,00,0,08,8,00,0,00,0,00 00 80 3F,1,00 00 00 00,0,00 00 B4 42,90,00,0,00 00 80 3F,1,00 00 00 00,0,2C0,704
,btltbl.bin,8308,00,0,01,1,05,5,05,5,1C,28,00,0,00,0,00,0,00,0,00,0,00,0,00,0,00,0,00,0,00,0,14,20,6E,110,00,0,00,0,00,0,00,0,00 00 80 3F,1,00 00 00 00,0,00 00 48 42,50,00,0,00 00 80 3F,1,00 00 00 00,0,2C1,705
,btltbl.bin,8378,00,0,01,1,05,5,05,5,1C,28,00,0,00,0,00,0,00,0,00,0,00,0,00,0,00,0,00,0,00,0,14,20,6E,110,00,0,00,0,00,0,00,0,00 00 80 3F,1,00 00 00 00,0,00 00 48 42,50,00,0,00 00 80 3F,1,00 00 00 00,0,2C2,706
,btltbl.bin,83E8,00,0,01,1,05,5,05,5,1C,28,00,0,00,0,00,0,00,0,00,0,00,0,00,0,00,0,00,0,00,0,14,20,6E,110,00,0,00,0,00,0,00,0,00 00 80 3F,1,00 00 00 00,0,00 00 48 42,50,00,0,00 00 80 3F,1,00 00 00 00,0,2C3,707
,btltbl.bin,8458,00,0,01,1,05,5,05,5,1C,28,00,0,00,0,00,0,00,0,00,0,00,0,00,0,00,0,00,0,00,0,14,20,6E,110,00,0,00,0,00,0,00,0,00 00 80 3F,1,00 00 00 00,0,00 00 48 42,50,00,0,00 00 80 3F,1,00 00 00 00,0,2C4,708
,btltbl.bin,84C8,00,0,01,1,05,5,05,5,1C,28,00,0,00,0,00,0,00,0,00,0,00,0,00,0,00,0,00,0,00,0,14,20,6E,110,00,0,00,0,00,0,00,0,00 00 80 3F,1,00 00 00 00,0,00 00 48 42,50,00,0,00 00 80 3F,1,00 00 00 00,0,2C5,709
,btltbl.bin,8538,00,0,01,1,03,3,03,3,30,48,00,0,04,4,06,6,00,0,00,0,00,0,03,3,00,0,00,0,00,0,00,0,6E,110,00,0,00,0,00,0,00,0,00 00 80 3F,1,00 00 00 00,0,00 00 00 00,0,00,0,00 00 80 3F,1,00 00 00 00,0,320,800
,btltbl.bin,85A8,00,0,01,1,03,3,03,3,30,48,00,0,04,4,06,6,00,0,00,0,00,0,03,3,00,0,00,0,10000,65536,00,0,6E,110,00,0,00,0,00,0,00,0,00 00 80 3F,1,00 00 00 00,0,00 00 00 00,0,00,0,00 00 80 3F,1,00 00 00 00,0,321,801
,btltbl.bin,8618,00,0,01,1,03,3,03,3,30,48,FFFFFFFB,-5,C8,200,00,0,00,0,00,0,00,0,00,0,64,100,00,0,00,0,63,99,6E,110,00,0,FFFFFFFB,-5,00,0,00,0,00 00 80 3F,1,00 00 00 00,0,00 00 20 41,10,00,0,00 00 80 3F,1,00 00 00 00,0,322,802
,btltbl.bin,8688,00,0,01,1,05,5,05,5,30,48,00,0,00,0,00,0,00,0,00,0,00,0,00,0,00,0,00,0,00,0,00,0,6E,110,00,0,00,0,00,0,00,0,00 00 80 3F,1,00 00 00 00,0,00 00 00 00,0,00,0,00 00 80 3F,1,00 00 00 00,0,323,803
,btltbl.bin,86F8,00,0,01,1,05,5,05,5,30,48,00,0,00,0,00,0,00,0,00,0,00,0,00,0,00,0,00,0,00,0,00,0,6E,110,00,0,00,0,00,0,00,0,00 00 80 3F,1,00 00 00 00,0,00 00 00 00,0,00,0,00 00 80 3F,1,00 00 00 00,0,324,804
,btltbl.bin,8768,00,0,01,1,05,5,05,5,30,48,00,0,00,0,00,0,00,0,00,0,00,0,00,0,00,0,00,0,00,0,00,0,6E,110,00,0,00,0,00,0,00,0,00 00 80 3F,1,00 00 00 00,0,00 00 00 00,0,00,0,00 00 80 3F,1,00 00 00 00,0,325,805
,btltbl.bin,87D8,00,0,01,1,05,5,05,5,30,48,00,0,00,0,00,0,00,0,00,0,00,0,00,0,00,0,00,0,00,0,00,0,6E,110,00,0,00,0,00,0,00,0,00 00 80 3F,1,00 00 00 00,0,00 00 00 00,0,00,0,00 00 80 3F,1,00 00 00 00,0,326,806
,btltbl.bin,8848,00,0,01,1,05,5,05,5,30,48,00,0,00,0,00,0,00,0,00,0,00,0,00,0,00,0,00,0,00,0,00,0,6E,110,00,0,00,0,00,0,00,0,00 00 80 3F,1,00 00 00 00,0,00 00 00 00,0,00,0,00 00 80 3F,1,00 00 00 00,0,327,807
,btltbl.bin,88B8,00,0,01,1,05,5,05,5,30,48,00,0,00,0,00,0,00,0,00,0,00,0,00,0,00,0,00,0,00,0,00,0,6E,110,00,0,00,0,00,0,00,0,00 00 80 3F,1,00 00 00 00,0,00 00 00 00,0,00,0,00 00 80 3F,1,00 00 00 00,0,328,808
,btltbl.bin,8928,00,0,01,1,05,5,05,5,30,48,00,0,00,0,00,0,00,0,00,0,00,0,00,0,00,0,00,0,00,0,00,0,6E,110,00,0,00,0,00,0,00,0,00 00 80 3F,1,00 00 00 00,0,00 00 00 00,0,00,0,00 00 80 3F,1,00 00 00 00,0,329,809
,btltbl.bin,8998,00,0,01,1,03,3,03,3,1D,29,00,0,04,4,06,6,00,0,00,0,00,0,03,3,00,0,00,0,00,0,32,50,6E,110,00,0,00,0,00,0,00,0,00 00 40 40,3,00 00 20 C1,-10,00 00 A0 42,80,00,0,00 00 80 3F,1,00 00 00 00,0,384,900
,btltbl.bin,8A08,00,0,01,1,03,3,03,3,1C,28,00,0,04,4,06,6,00,0,00,0,00,0,03,3,00,0,00,0,00,0,32,50,6E,110,00,0,00,0,00,0,00,0,00 00 40 40,3,00 00 20 C1,-10,00 00 A0 42,80,00,0,00 00 80 3F,1,00 00 00 00,0,385,901
,btltbl.bin,8A78,00,0,01,1,03,3,03,3,00,0,02,2,04,4,06,6,00,0,00,0,00,0,06,6,00,0,00,0,00,0,3C,60,6E,110,00,0,02,2,00,0,00,0,00 00 00 40,2,00 00 00 00,0,00 00 0C 43,140,00,0,00 00 80 3F,1,00 00 00 00,0,386,902
,btltbl.bin,8AE8,00,0,01,1,05,5,05,5,08,8,10,16,C8,200,00,0,00,0,00,0,00,0,00,0,64,100,00,0,10000,65536,63,99,6E,110,00,0,10,16,00,0,00,0,00 00 00 00,0,00 00 00 00,0,00 00 34 43,180,00,0,00 00 80 3F,1,00 00 00 00,0,387,903
,btltbl.bin,8B58,00,0,0A,10,05,5,05,5,0C,12,0C,12,C8,200,00,0,00,0,00,0,00,0,00,0,64,100,00,0,10006,65542,00,0,6E,110,00,0,0C,12,00,0,00,0,00 00 00 40,2,00 00 00 40,2,00 00 E1 43,450,00,0,00 00 80 3F,1,00 00 00 00,0,388,904
,btltbl.bin,8BC8,00,0,01,1,05,5,05,5,1C,28,00,0,00,0,00,0,00,0,00,0,00,0,00,0,00,0,00,0,00,0,32,50,6E,110,00,0,00,0,00,0,00,0,00 00 80 3F,1,00 00 00 00,0,00 00 70 42,60,00,0,00 00 80 3F,1,00 00 00 00,0,389,905
,btltbl.bin,8C38,00,0,01,1,05,5,05,5,1C,28,00,0,00,0,00,0,00,0,00,0,00,0,00,0,00,0,00,0,00,0,32,50,6E,110,00,0,00,0,00,0,00,0,00 00 80 3F,1,00 00 00 00,0,00 00 70 42,60,00,0,00 00 80 3F,1,00 00 00 00,0,38A,906
,btltbl.bin,8CA8,00,0,01,1,05,5,05,5,1C,28,00,0,00,0,00,0,00,0,00,0,00,0,00,0,00,0,00,0,00,0,32,50,6E,110,00,0,00,0,00,0,00,0,00 00 80 3F,1,00 00 00 00,0,00 00 70 42,60,00,0,00 00 80 3F,1,00 00 00 00,0,38B,907
,btltbl.bin,8D18,00,0,01,1,05,5,05,5,1C,28,00,0,00,0,00,0,00,0,00,0,00,0,00,0,00,0,00,0,00,0,32,50,6E,110,00,0,00,0,00,0,00,0,00 00 80 3F,1,00 00 00 00,0,00 00 70 42,60,00,0,00 00 80 3F,1,00 00 00 00,0,38C,908
,btltbl.bin,8D88,00,0,01,1,05,5,05,5,1C,28,00,0,00,0,00,0,00,0,00,0,00,0,00,0,00,0,00,0,00,0,32,50,6E,110,00,0,00,0,00,0,00,0,00 00 80 3F,1,00 00 00 00,0,00 00 70 42,60,00,0,00 00 80 3F,1,00 00 00 00,0,38D,909
,btltbl.bin,8DF8,06,6,0A,10,03,3,03,3,FFFFFFFF,-1,08,8,00,0,00,0,01,1,01,1,00,0,00,0,00,0,00,0,05,5,01,1,6E,110,05,5,08,8,00,0,00,0,00 00 00 00,0,00 00 00 00,0,00 00 C8 42,100,00,0,00 00 80 3F,1,00 00 00 00,0,44C,1100
,btltbl.bin,8E68,06,6,0A,10,03,3,03,3,FFFFFFFF,-1,0C,12,00,0,00,0,01,1,01,1,01,1,00,0,00,0,00,0,05,5,01,1,6E,110,07,7,0C,12,00,0,00,0,00 00 00 00,0,00 00 00 00,0,00 00 C8 42,100,00,0,00 00 80 3F,1,00 00 00 00,0,44D,1101
,btltbl.bin,8ED8,02,2,02,2,05,5,05,5,FFFFFFFF,-1,14,20,00,0,00,0,03,3,03,3,02,2,00,0,00,0,00,0,06,6,00,0,6E,110,07,7,14,20,14,20,00,0,00 00 00 00,0,00 00 00 00,0,00 00 48 43,200,00,0,00 00 80 3F,1,00 00 00 00,0,44E,1102
,btltbl.bin,8F48,06,6,0A,10,03,3,03,3,FFFFFFFF,-1,08,8,00,0,00,0,01,1,01,1,00,0,00,0,00,0,00,0,05,5,01,1,6E,110,01,1,08,8,00,0,00,0,00 00 00 00,0,00 00 00 00,0,00 00 C8 42,100,00,0,00 00 80 3F,1,00 00 00 00,0,44F,1103
,btltbl.bin,8FB8,06,6,0A,10,03,3,03,3,FFFFFFFF,-1,04,4,00,0,00,0,01,1,01,1,00,0,00,0,00,0,00,0,05,5,01,1,6E,110,01,1,04,4,00,0,00,0,00 00 00 00,0,00 00 00 00,0,00 00 70 42,60,00,0,00 00 80 3F,1,00 00 00 00,0,450,1104
,btltbl.bin,9028,02,2,0A,10,03,3,03,3,FFFFFFFF,-1,00,0,00,0,00,0,00,0,00,0,00,0,00,0,00,0,00,0,05,5,01,1,6E,110,00,0,00,0,00,0,00,0,00 00 00 00,0,00 00 00 00,0,00 00 20 42,40,00,0,00 00 80 3F,1,00 00 00 00,0,451,1105
,btltbl.bin,9098,02,2,00,0,03,3,03,3,FFFFFFFF,-1,01,1,00,0,00,0,02,2,02,2,00,0,00,0,00,0,00,0,06,6,00,0,6E,110,00,0,01,1,02,2,02,2,00 00 00 00,0,00 00 00 00,0,00 00 C8 42,100,00,0,00 00 80 3F,1,00 00 00 00,0,452,1106
,btltbl.bin,9108,02,2,00,0,03,3,03,3,FFFFFFFF,-1,01,1,00,0,00,0,04,4,04,4,00,0,00,0,00,0,00,0,06,6,00,0,6E,110,00,0,01,1,04,4,04,4,00 00 00 00,0,00 00 00 00,0,00 00 C8 42,100,00,0,00 00 80 3F,1,00 00 00 00,0,453,1107
,btltbl.bin,9178,02,2,02,2,03,3,03,3,FFFFFFFF,-1,01,1,00,0,00,0,06,6,06,6,00,0,00,0,00,0,00,0,06,6,00,0,6E,110,00,0,01,1,06,6,06,6,00 00 00 00,0,00 00 00 00,0,00 00 C8 42,100,00,0,00 00 80 3F,1,00 00 00 00,0,454,1108
,btltbl.bin,91E8,02,2,00,0,03,3,03,3,FFFFFFFF,-1,01,1,00,0,00,0,01,1,01,1,00,0,00,0,00,0,00,0,06,6,00,0,6E,110,00,0,01,1,01,1,01,1,00 00 00 00,0,00 00 00 00,0,00 00 48 42,50,00,0,00 00 80 3F,1,00 00 00 00,0,455,1109
,btltbl.bin,9258,02,2,0A,10,03,3,03,3,FFFFFFFF,-1,01,1,00,0,00,0,00,0,00,0,00,0,00,0,00,0,00,0,05,5,01,1,6E,110,01,1,01,1,00,0,00,0,00 00 00 00,0,00 00 00 00,0,00 00 C8 42,100,00,0,00 00 80 3F,1,00 00 00 00,0,456,1110
,btltbl.bin,92C8,02,2,0A,10,03,3,03,3,FFFFFFFF,-1,01,1,00,0,00,0,00,0,00,0,00,0,00,0,00,0,00,0,05,5,01,1,6E,110,01,1,01,1,00,0,00,0,00 00 00 00,0,00 00 00 00,0,00 00 C8 42,100,00,0,00 00 80 3F,1,00 00 00 00,0,457,1111
,btltbl.bin,9338,02,2,0A,10,03,3,03,3,FFFFFFFF,-1,01,1,00,0,00,0,00,0,00,0,00,0,00,0,00,0,00,0,05,5,01,1,6E,110,01,1,01,1,00,0,00,0,00 00 00 00,0,00 00 00 00,0,00 00 C8 42,100,00,0,00 00 80 3F,1,00 00 00 00,0,458,1112
,btltbl.bin,93A8,02,2,0A,10,03,3,03,3,FFFFFFFF,-1,01,1,00,0,00,0,00,0,00,0,00,0,00,0,00,0,00,0,05,5,01,1,6E,110,01,1,01,1,00,0,00,0,00 00 00 00,0,00 00 00 00,0,00 00 C8 42,100,00,0,00 00 80 3F,1,00 00 00 00,0,459,1113
,btltbl.bin,9418,02,2,0A,10,03,3,03,3,FFFFFFFF,-1,01,1,00,0,00,0,00,0,00,0,00,0,00,0,00,0,00,0,05,5,01,1,6E,110,01,1,01,1,00,0,00,0,00 00 00 00,0,00 00 00 00,0,00 00 C8 42,100,00,0,00 00 80 3F,1,00 00 00 00,0,45A,1114
,btltbl.bin,9488,02,2,0A,10,03,3,03,3,FFFFFFFF,-1,01,1,00,0,00,0,00,0,00,0,00,0,00,0,00,0,00,0,05,5,01,1,6E,110,01,1,01,1,00,0,00,0,00 00 00 00,0,00 00 00 00,0,00 00 C8 42,100,00,0,00 00 80 3F,1,00 00 00 00,0,45B,1115
