Character,Level,File,Offset,Value (HEX),Value,Stat Increase
Donald,2,btltbl.bin,3EB8,01,1,HP
Donald,3,btltbl.bin,3EB9,04,4,STR
Donald,4,btltbl.bin,3EBA,05,5,DEF
Donald,5,btltbl.bin,3EBB,04,4,STR
Donald,6,btltbl.bin,3EBC,05,5,DEF
Donald,7,btltbl.bin,3EBD,04,4,STR
Donald,8,btltbl.bin,3EBE,01,1,HP
Donald,9,btltbl.bin,3EBF,05,5,DEF
Donald,10,btltbl.bin,3EC0,01,1,HP
Donald,11,btltbl.bin,3EC1,03,3,AP
Donald,12,btltbl.bin,3EC2,01,1,HP
Donald,13,btltbl.bin,3EC3,04,4,STR
Donald,14,btltbl.bin,3EC4,05,5,DEF
Donald,15,btltbl.bin,3EC5,06,6,ITEM
Donald,16,btltbl.bin,3EC6,03,3,AP
Donald,17,btltbl.bin,3EC7,04,4,STR
Donald,18,btltbl.bin,3EC8,01,1,HP
Donald,19,btltbl.bin,3EC9,05,5,DEF
Donald,20,btltbl.bin,3ECA,02,2,MP
Donald,21,btltbl.bin,3ECB,03,3,AP
Donald,22,btltbl.bin,3ECC,04,4,STR
Donald,23,btltbl.bin,3ECD,01,1,HP
Donald,24,btltbl.bin,3ECE,05,5,DEF
Donald,25,btltbl.bin,3ECF,06,6,ITEM
Donald,26,btltbl.bin,3ED0,03,3,AP
Donald,27,btltbl.bin,3ED1,01,1,HP
Donald,28,btltbl.bin,3ED2,04,4,STR
Donald,29,btltbl.bin,3ED3,05,5,DEF
Donald,30,btltbl.bin,3ED4,02,2,MP
Donald,31,btltbl.bin,3ED5,03,3,AP
Donald,32,btltbl.bin,3ED6,01,1,HP
Donald,33,btltbl.bin,3ED7,04,4,STR
Donald,34,btltbl.bin,3ED8,05,5,DEF
Donald,35,btltbl.bin,3ED9,06,6,ITEM
Donald,36,btltbl.bin,3EDA,03,3,AP
Donald,37,btltbl.bin,3EDB,04,4,STR
Donald,38,btltbl.bin,3EDC,01,1,HP
Donald,39,btltbl.bin,3EDD,05,5,DEF
Donald,40,btltbl.bin,3EDE,02,2,MP
Donald,41,btltbl.bin,3EDF,03,3,AP
Donald,42,btltbl.bin,3EE0,01,1,HP
Donald,43,btltbl.bin,3EE1,04,4,STR
Donald,44,btltbl.bin,3EE2,05,5,DEF
Donald,45,btltbl.bin,3EE3,06,6,ITEM
Donald,46,btltbl.bin,3EE4,03,3,AP
Donald,47,btltbl.bin,3EE5,04,4,STR
Donald,48,btltbl.bin,3EE6,01,1,HP
Donald,49,btltbl.bin,3EE7,05,5,DEF
Donald,50,btltbl.bin,3EE8,02,2,MP
Donald,51,btltbl.bin,3EE9,03,3,AP
Donald,52,btltbl.bin,3EEA,01,1,HP
Donald,53,btltbl.bin,3EEB,04,4,STR
Donald,54,btltbl.bin,3EEC,05,5,DEF
Donald,55,btltbl.bin,3EED,01,1,HP
Donald,56,btltbl.bin,3EEE,03,3,AP
Donald,57,btltbl.bin,3EEF,04,4,STR
Donald,58,btltbl.bin,3EF0,01,1,HP
Donald,59,btltbl.bin,3EF1,05,5,DEF
Donald,60,btltbl.bin,3EF2,02,2,MP
Donald,61,btltbl.bin,3EF3,03,3,AP
Donald,62,btltbl.bin,3EF4,04,4,STR
Donald,63,btltbl.bin,3EF5,05,5,DEF
Donald,64,btltbl.bin,3EF6,03,3,AP
Donald,65,btltbl.bin,3EF7,04,4,STR
Donald,66,btltbl.bin,3EF8,05,5,DEF
Donald,67,btltbl.bin,3EF9,04,4,STR
Donald,68,btltbl.bin,3EFA,05,5,DEF
Donald,69,btltbl.bin,3EFB,04,4,STR
Donald,70,btltbl.bin,3EFC,02,2,MP
Donald,71,btltbl.bin,3EFD,05,5,DEF
Donald,72,btltbl.bin,3EFE,04,4,STR
Donald,73,btltbl.bin,3EFF,05,5,DEF
Donald,74,btltbl.bin,3F00,04,4,STR
Donald,75,btltbl.bin,3F01,05,5,DEF
Donald,76,btltbl.bin,3F02,04,4,STR
Donald,77,btltbl.bin,3F03,05,5,DEF
Donald,78,btltbl.bin,3F04,04,4,STR
Donald,79,btltbl.bin,3F05,05,5,DEF
Donald,80,btltbl.bin,3F06,02,2,MP
Donald,81,btltbl.bin,3F07,04,4,STR
Donald,82,btltbl.bin,3F08,05,5,DEF
Donald,83,btltbl.bin,3F09,04,4,STR
Donald,84,btltbl.bin,3F0A,05,5,DEF
Donald,85,btltbl.bin,3F0B,04,4,STR
Donald,86,btltbl.bin,3F0C,05,5,DEF
Donald,87,btltbl.bin,3F0D,04,4,STR
Donald,88,btltbl.bin,3F0E,05,5,DEF
Donald,89,btltbl.bin,3F0F,04,4,STR
Donald,90,btltbl.bin,3F10,05,5,DEF
Donald,91,btltbl.bin,3F11,04,4,STR
Donald,92,btltbl.bin,3F12,05,5,DEF
Donald,93,btltbl.bin,3F13,04,4,STR
Donald,94,btltbl.bin,3F14,05,5,DEF
Donald,95,btltbl.bin,3F15,04,4,STR
Donald,96,btltbl.bin,3F16,05,5,DEF
Donald,97,btltbl.bin,3F17,04,4,STR
Donald,98,btltbl.bin,3F18,05,5,DEF
Donald,99,btltbl.bin,3F19,04,4,STR
Donald,100,btltbl.bin,3F1A,05,5,DEF
Goofy,2,btltbl.bin,4050,05,5,DEF
Goofy,3,btltbl.bin,4051,04,4,STR
Goofy,4,btltbl.bin,4052,05,5,DEF
Goofy,5,btltbl.bin,4053,01,1,HP
Goofy,6,btltbl.bin,4054,05,5,DEF
Goofy,7,btltbl.bin,4055,01,1,HP
Goofy,8,btltbl.bin,4056,05,5,DEF
Goofy,9,btltbl.bin,4057,01,1,HP
Goofy,10,btltbl.bin,4058,04,4,STR
Goofy,11,btltbl.bin,4059,06,6,ITEM
Goofy,12,btltbl.bin,405A,03,3,AP
Goofy,13,btltbl.bin,405B,01,1,HP
Goofy,14,btltbl.bin,405C,05,5,DEF
Goofy,15,btltbl.bin,405D,02,2,MP
Goofy,16,btltbl.bin,405E,04,4,STR
Goofy,17,btltbl.bin,405F,01,1,HP
Goofy,18,btltbl.bin,4060,03,3,AP
Goofy,19,btltbl.bin,4061,06,6,ITEM
Goofy,20,btltbl.bin,4062,05,5,DEF
Goofy,21,btltbl.bin,4063,01,1,HP
Goofy,22,btltbl.bin,4064,04,4,STR
Goofy,23,btltbl.bin,4065,01,1,HP
Goofy,24,btltbl.bin,4066,03,3,AP
Goofy,25,btltbl.bin,4067,06,6,ITEM
Goofy,26,btltbl.bin,4068,05,5,DEF
Goofy,27,btltbl.bin,4069,01,1,HP
Goofy,28,btltbl.bin,406A,04,4,STR
Goofy,29,btltbl.bin,406B,02,2,MP
Goofy,30,btltbl.bin,406C,03,3,AP
Goofy,31,btltbl.bin,406D,01,1,HP
Goofy,32,btltbl.bin,406E,05,5,DEF
Goofy,33,btltbl.bin,406F,06,6,ITEM
Goofy,34,btltbl.bin,4070,04,4,STR
Goofy,35,btltbl.bin,4071,01,1,HP
Goofy,36,btltbl.bin,4072,03,3,AP
Goofy,37,btltbl.bin,4073,01,1,HP
Goofy,38,btltbl.bin,4074,05,5,DEF
Goofy,39,btltbl.bin,4075,04,4,STR
Goofy,40,btltbl.bin,4076,03,3,AP
Goofy,41,btltbl.bin,4077,01,1,HP
Goofy,42,btltbl.bin,4078,05,5,DEF
Goofy,43,btltbl.bin,4079,02,2,MP
Goofy,44,btltbl.bin,407A,04,4,STR
Goofy,45,btltbl.bin,407B,01,1,HP
Goofy,46,btltbl.bin,407C,03,3,AP
Goofy,47,btltbl.bin,407D,05,5,DEF
Goofy,48,btltbl.bin,407E,04,4,STR
Goofy,49,btltbl.bin,407F,01,1,HP
Goofy,50,btltbl.bin,4080,03,3,AP
Goofy,51,btltbl.bin,4081,01,1,HP
Goofy,52,btltbl.bin,4082,05,5,DEF
Goofy,53,btltbl.bin,4083,04,4,STR
Goofy,54,btltbl.bin,4084,03,3,AP
Goofy,55,btltbl.bin,4085,01,1,HP
Goofy,56,btltbl.bin,4086,05,5,DEF
Goofy,57,btltbl.bin,4087,02,2,MP
Goofy,58,btltbl.bin,4088,04,4,STR
Goofy,59,btltbl.bin,4089,01,1,HP
Goofy,60,btltbl.bin,408A,03,3,AP
Goofy,61,btltbl.bin,408B,05,5,DEF
Goofy,62,btltbl.bin,408C,04,4,STR
Goofy,63,btltbl.bin,408D,01,1,HP
Goofy,64,btltbl.bin,408E,03,3,AP
Goofy,65,btltbl.bin,408F,05,5,DEF
Goofy,66,btltbl.bin,4090,04,4,STR
Goofy,67,btltbl.bin,4091,01,1,HP
Goofy,68,btltbl.bin,4092,03,3,AP
Goofy,69,btltbl.bin,4093,05,5,DEF
Goofy,70,btltbl.bin,4094,04,4,STR
Goofy,71,btltbl.bin,4095,03,3,AP
Goofy,72,btltbl.bin,4096,05,5,DEF
Goofy,73,btltbl.bin,4097,04,4,STR
Goofy,74,btltbl.bin,4098,03,3,AP
Goofy,75,btltbl.bin,4099,05,5,DEF
Goofy,76,btltbl.bin,409A,04,4,STR
Goofy,77,btltbl.bin,409B,05,5,DEF
Goofy,78,btltbl.bin,409C,04,4,STR
Goofy,79,btltbl.bin,409D,05,5,DEF
Goofy,80,btltbl.bin,409E,04,4,STR
Goofy,81,btltbl.bin,409F,05,5,DEF
Goofy,82,btltbl.bin,40A0,04,4,STR
Goofy,83,btltbl.bin,40A1,05,5,DEF
Goofy,84,btltbl.bin,40A2,04,4,STR
Goofy,85,btltbl.bin,40A3,05,5,DEF
Goofy,86,btltbl.bin,40A4,04,4,STR
Goofy,87,btltbl.bin,40A5,05,5,DEF
Goofy,88,btltbl.bin,40A6,04,4,STR
Goofy,89,btltbl.bin,40A7,05,5,DEF
Goofy,90,btltbl.bin,40A8,04,4,STR
Goofy,91,btltbl.bin,40A9,05,5,DEF
Goofy,92,btltbl.bin,40AA,04,4,STR
Goofy,93,btltbl.bin,40AB,05,5,DEF
Goofy,94,btltbl.bin,40AC,04,4,STR
Goofy,95,btltbl.bin,40AD,05,5,DEF
Goofy,96,btltbl.bin,40AE,04,4,STR
Goofy,97,btltbl.bin,40AF,05,5,DEF
Goofy,98,btltbl.bin,40B0,04,4,STR
Goofy,99,btltbl.bin,40B1,05,5,DEF
Goofy,100,btltbl.bin,40B2,04,4,STR
Tarzan,2,btltbl.bin,41E8,04,4,STR
Tarzan,3,btltbl.bin,41E9,05,5,DEF
Tarzan,4,btltbl.bin,41EA,04,4,STR
Tarzan,5,btltbl.bin,41EB,05,5,DEF
Tarzan,6,btltbl.bin,41EC,04,4,STR
Tarzan,7,btltbl.bin,41ED,05,5,DEF
Tarzan,8,btltbl.bin,41EE,04,4,STR
Tarzan,9,btltbl.bin,41EF,05,5,DEF
Tarzan,10,btltbl.bin,41F0,01,1,HP
Tarzan,11,btltbl.bin,41F1,04,4,STR
Tarzan,12,btltbl.bin,41F2,01,1,HP
Tarzan,13,btltbl.bin,41F3,05,5,DEF
Tarzan,14,btltbl.bin,41F4,02,2,MP
Tarzan,15,btltbl.bin,41F5,04,4,STR
Tarzan,16,btltbl.bin,41F6,01,1,HP
Tarzan,17,btltbl.bin,41F7,05,5,DEF
Tarzan,18,btltbl.bin,41F8,01,1,HP
Tarzan,19,btltbl.bin,41F9,04,4,STR
Tarzan,20,btltbl.bin,41FA,01,1,HP
Tarzan,21,btltbl.bin,41FB,05,5,DEF
Tarzan,22,btltbl.bin,41FC,01,1,HP
Tarzan,23,btltbl.bin,41FD,04,4,STR
Tarzan,24,btltbl.bin,41FE,01,1,HP
Tarzan,25,btltbl.bin,41FF,05,5,DEF
Tarzan,26,btltbl.bin,4200,02,2,MP
Tarzan,27,btltbl.bin,4201,04,4,STR
Tarzan,28,btltbl.bin,4202,01,1,HP
Tarzan,29,btltbl.bin,4203,05,5,DEF
Tarzan,30,btltbl.bin,4204,01,1,HP
Tarzan,31,btltbl.bin,4205,04,4,STR
Tarzan,32,btltbl.bin,4206,01,1,HP
Tarzan,33,btltbl.bin,4207,05,5,DEF
Tarzan,34,btltbl.bin,4208,01,1,HP
Tarzan,35,btltbl.bin,4209,04,4,STR
Tarzan,36,btltbl.bin,420A,01,1,HP
Tarzan,37,btltbl.bin,420B,05,5,DEF
Tarzan,38,btltbl.bin,420C,02,2,MP
Tarzan,39,btltbl.bin,420D,04,4,STR
Tarzan,40,btltbl.bin,420E,01,1,HP
Tarzan,41,btltbl.bin,420F,05,5,DEF
Tarzan,42,btltbl.bin,4210,01,1,HP
Tarzan,43,btltbl.bin,4211,04,4,STR
Tarzan,44,btltbl.bin,4212,01,1,HP
Tarzan,45,btltbl.bin,4213,05,5,DEF
Tarzan,46,btltbl.bin,4214,01,1,HP
Tarzan,47,btltbl.bin,4215,04,4,STR
Tarzan,48,btltbl.bin,4216,01,1,HP
Tarzan,49,btltbl.bin,4217,05,5,DEF
Tarzan,50,btltbl.bin,4218,02,2,MP
Tarzan,51,btltbl.bin,4219,04,4,STR
Tarzan,52,btltbl.bin,421A,01,1,HP
Tarzan,53,btltbl.bin,421B,05,5,DEF
Tarzan,54,btltbl.bin,421C,01,1,HP
Tarzan,55,btltbl.bin,421D,04,4,STR
Tarzan,56,btltbl.bin,421E,01,1,HP
Tarzan,57,btltbl.bin,421F,05,5,DEF
Tarzan,58,btltbl.bin,4220,01,1,HP
Tarzan,59,btltbl.bin,4221,04,4,STR
Tarzan,60,btltbl.bin,4222,01,1,HP
Tarzan,61,btltbl.bin,4223,05,5,DEF
Tarzan,62,btltbl.bin,4224,04,4,STR
Tarzan,63,btltbl.bin,4225,05,5,DEF
Tarzan,64,btltbl.bin,4226,04,4,STR
Tarzan,65,btltbl.bin,4227,05,5,DEF
Tarzan,66,btltbl.bin,4228,04,4,STR
Tarzan,67,btltbl.bin,4229,05,5,DEF
Tarzan,68,btltbl.bin,422A,04,4,STR
Tarzan,69,btltbl.bin,422B,05,5,DEF
Tarzan,70,btltbl.bin,422C,04,4,STR
Tarzan,71,btltbl.bin,422D,05,5,DEF
Tarzan,72,btltbl.bin,422E,04,4,STR
Tarzan,73,btltbl.bin,422F,05,5,DEF
Tarzan,74,btltbl.bin,4230,04,4,STR
Tarzan,75,btltbl.bin,4231,05,5,DEF
Tarzan,76,btltbl.bin,4232,04,4,STR
Tarzan,77,btltbl.bin,4233,05,5,DEF
Tarzan,78,btltbl.bin,4234,04,4,STR
Tarzan,79,btltbl.bin,4235,05,5,DEF
Tarzan,80,btltbl.bin,4236,04,4,STR
Tarzan,81,btltbl.bin,4237,05,5,DEF
Tarzan,82,btltbl.bin,4238,04,4,STR
Tarzan,83,btltbl.bin,4239,05,5,DEF
Tarzan,84,btltbl.bin,423A,04,4,STR
Tarzan,85,btltbl.bin,423B,05,5,DEF
Tarzan,86,btltbl.bin,423C,04,4,STR
Tarzan,87,btltbl.bin,423D,05,5,DEF
Tarzan,88,btltbl.bin,423E,04,4,STR
Tarzan,89,btltbl.bin,423F,05,5,DEF
Tarzan,90,btltbl.bin,4240,04,4,STR
Tarzan,91,btltbl.bin,4241,05,5,DEF
Tarzan,92,btltbl.bin,4242,04,4,STR
Tarzan,93,btltbl.bin,4243,05,5,DEF
Tarzan,94,btltbl.bin,4244,04,4,STR
Tarzan,95,btltbl.bin,4245,05,5,DEF
Tarzan,96,btltbl.bin,4246,04,4,STR
Tarzan,97,btltbl.bin,4247,05,5,DEF
Tarzan,98,btltbl.bin,4248,04,4,STR
Tarzan,99,btltbl.bin,4249,05,5,DEF
Tarzan,100,btltbl.bin,424A,04,4,STR
Aladdin,2,btltbl.bin,4380,04,4,STR
Aladdin,3,btltbl.bin,4381,05,5,DEF
Aladdin,4,btltbl.bin,4382,04,4,STR
Aladdin,5,btltbl.bin,4383,05,5,DEF
Aladdin,6,btltbl.bin,4384,01,1,HP
Aladdin,7,btltbl.bin,4385,04,4,STR
Aladdin,8,btltbl.bin,4386,05,5,DEF
Aladdin,9,btltbl.bin,4387,01,1,HP
Aladdin,10,btltbl.bin,4388,04,4,STR
Aladdin,11,btltbl.bin,4389,05,5,DEF
Aladdin,12,btltbl.bin,438A,01,1,HP
Aladdin,13,btltbl.bin,438B,04,4,STR
Aladdin,14,btltbl.bin,438C,05,5,DEF
Aladdin,15,btltbl.bin,438D,01,1,HP
Aladdin,16,btltbl.bin,438E,04,4,STR
Aladdin,17,btltbl.bin,438F,05,5,DEF
Aladdin,18,btltbl.bin,4390,01,1,HP
Aladdin,19,btltbl.bin,4391,04,4,STR
Aladdin,20,btltbl.bin,4392,05,5,DEF
Aladdin,21,btltbl.bin,4393,01,1,HP
Aladdin,22,btltbl.bin,4394,04,4,STR
Aladdin,23,btltbl.bin,4395,05,5,DEF
Aladdin,24,btltbl.bin,4396,02,2,MP
Aladdin,25,btltbl.bin,4397,04,4,STR
Aladdin,26,btltbl.bin,4398,05,5,DEF
Aladdin,27,btltbl.bin,4399,01,1,HP
Aladdin,28,btltbl.bin,439A,04,4,STR
Aladdin,29,btltbl.bin,439B,05,5,DEF
Aladdin,30,btltbl.bin,439C,01,1,HP
Aladdin,31,btltbl.bin,439D,04,4,STR
Aladdin,32,btltbl.bin,439E,05,5,DEF
Aladdin,33,btltbl.bin,439F,01,1,HP
Aladdin,34,btltbl.bin,43A0,04,4,STR
Aladdin,35,btltbl.bin,43A1,05,5,DEF
Aladdin,36,btltbl.bin,43A2,01,1,HP
Aladdin,37,btltbl.bin,43A3,04,4,STR
Aladdin,38,btltbl.bin,43A4,05,5,DEF
Aladdin,39,btltbl.bin,43A5,01,1,HP
Aladdin,40,btltbl.bin,43A6,04,4,STR
Aladdin,41,btltbl.bin,43A7,05,5,DEF
Aladdin,42,btltbl.bin,43A8,01,1,HP
Aladdin,43,btltbl.bin,43A9,04,4,STR
Aladdin,44,btltbl.bin,43AA,05,5,DEF
Aladdin,45,btltbl.bin,43AB,01,1,HP
Aladdin,46,btltbl.bin,43AC,04,4,STR
Aladdin,47,btltbl.bin,43AD,05,5,DEF
Aladdin,48,btltbl.bin,43AE,02,2,MP
Aladdin,49,btltbl.bin,43AF,04,4,STR
Aladdin,50,btltbl.bin,43B0,05,5,DEF
Aladdin,51,btltbl.bin,43B1,01,1,HP
Aladdin,52,btltbl.bin,43B2,04,4,STR
Aladdin,53,btltbl.bin,43B3,05,5,DEF
Aladdin,54,btltbl.bin,43B4,01,1,HP
Aladdin,55,btltbl.bin,43B5,04,4,STR
Aladdin,56,btltbl.bin,43B6,05,5,DEF
Aladdin,57,btltbl.bin,43B7,01,1,HP
Aladdin,58,btltbl.bin,43B8,04,4,STR
Aladdin,59,btltbl.bin,43B9,05,5,DEF
Aladdin,60,btltbl.bin,43BA,01,1,HP
Aladdin,61,btltbl.bin,43BB,04,4,STR
Aladdin,62,btltbl.bin,43BC,05,5,DEF
Aladdin,63,btltbl.bin,43BD,01,1,HP
Aladdin,64,btltbl.bin,43BE,04,4,STR
Aladdin,65,btltbl.bin,43BF,05,5,DEF
Aladdin,66,btltbl.bin,43C0,01,1,HP
Aladdin,67,btltbl.bin,43C1,04,4,STR
Aladdin,68,btltbl.bin,43C2,05,5,DEF
Aladdin,69,btltbl.bin,43C3,01,1,HP
Aladdin,70,btltbl.bin,43C4,04,4,STR
Aladdin,71,btltbl.bin,43C5,05,5,DEF
Aladdin,72,btltbl.bin,43C6,01,1,HP
Aladdin,73,btltbl.bin,43C7,04,4,STR
Aladdin,74,btltbl.bin,43C8,05,5,DEF
Aladdin,75,btltbl.bin,43C9,04,4,STR
Aladdin,76,btltbl.bin,43CA,05,5,DEF
Aladdin,77,btltbl.bin,43CB,04,4,STR
Aladdin,78,btltbl.bin,43CC,05,5,DEF
Aladdin,79,btltbl.bin,43CD,04,4,STR
Aladdin,80,btltbl.bin,43CE,05,5,DEF
Aladdin,81,btltbl.bin,43CF,04,4,STR
Aladdin,82,btltbl.bin,43D0,05,5,DEF
Aladdin,83,btltbl.bin,43D1,04,4,STR
Aladdin,84,btltbl.bin,43D2,05,5,DEF
Aladdin,85,btltbl.bin,43D3,04,4,STR
Aladdin,86,btltbl.bin,43D4,05,5,DEF
Aladdin,87,btltbl.bin,43D5,04,4,STR
Aladdin,88,btltbl.bin,43D6,05,5,DEF
Aladdin,89,btltbl.bin,43D7,04,4,STR
Aladdin,90,btltbl.bin,43D8,05,5,DEF
Aladdin,91,btltbl.bin,43D9,04,4,STR
Aladdin,92,btltbl.bin,43DA,05,5,DEF
Aladdin,93,btltbl.bin,43DB,04,4,STR
Aladdin,94,btltbl.bin,43DC,05,5,DEF
Aladdin,95,btltbl.bin,43DD,04,4,STR
Aladdin,96,btltbl.bin,43DE,05,5,DEF
Aladdin,97,btltbl.bin,43DF,04,4,STR
Aladdin,98,btltbl.bin,43E0,05,5,DEF
Aladdin,99,btltbl.bin,43E1,04,4,STR
Aladdin,100,btltbl.bin,43E2,05,5,DEF
Ariel,2,btltbl.bin,4518,05,5,DEF
Ariel,3,btltbl.bin,4519,04,4,STR
Ariel,4,btltbl.bin,451A,05,5,DEF
Ariel,5,btltbl.bin,451B,04,4,STR
Ariel,6,btltbl.bin,451C,02,2,MP
Ariel,7,btltbl.bin,451D,05,5,DEF
Ariel,8,btltbl.bin,451E,01,1,HP
Ariel,9,btltbl.bin,451F,04,4,STR
Ariel,10,btltbl.bin,4520,01,1,HP
Ariel,11,btltbl.bin,4521,05,5,DEF
Ariel,12,btltbl.bin,4522,01,1,HP
Ariel,13,btltbl.bin,4523,04,4,STR
Ariel,14,btltbl.bin,4524,01,1,HP
Ariel,15,btltbl.bin,4525,05,5,DEF
Ariel,16,btltbl.bin,4526,02,2,MP
Ariel,17,btltbl.bin,4527,04,4,STR
Ariel,18,btltbl.bin,4528,01,1,HP
Ariel,19,btltbl.bin,4529,05,5,DEF
Ariel,20,btltbl.bin,452A,01,1,HP
Ariel,21,btltbl.bin,452B,04,4,STR
Ariel,22,btltbl.bin,452C,01,1,HP
Ariel,23,btltbl.bin,452D,05,5,DEF
Ariel,24,btltbl.bin,452E,01,1,HP
Ariel,25,btltbl.bin,452F,04,4,STR
Ariel,26,btltbl.bin,4530,02,2,MP
Ariel,27,btltbl.bin,4531,05,5,DEF
Ariel,28,btltbl.bin,4532,01,1,HP
Ariel,29,btltbl.bin,4533,04,4,STR
Ariel,30,btltbl.bin,4534,01,1,HP
Ariel,31,btltbl.bin,4535,05,5,DEF
Ariel,32,btltbl.bin,4536,01,1,HP
Ariel,33,btltbl.bin,4537,04,4,STR
Ariel,34,btltbl.bin,4538,01,1,HP
Ariel,35,btltbl.bin,4539,05,5,DEF
Ariel,36,btltbl.bin,453A,02,2,MP
Ariel,37,btltbl.bin,453B,04,4,STR
Ariel,38,btltbl.bin,453C,01,1,HP
Ariel,39,btltbl.bin,453D,05,5,DEF
Ariel,40,btltbl.bin,453E,01,1,HP
Ariel,41,btltbl.bin,453F,04,4,STR
Ariel,42,btltbl.bin,4540,01,1,HP
Ariel,43,btltbl.bin,4541,05,5,DEF
Ariel,44,btltbl.bin,4542,01,1,HP
Ariel,45,btltbl.bin,4543,04,4,STR
Ariel,46,btltbl.bin,4544,02,2,MP
Ariel,47,btltbl.bin,4545,05,5,DEF
Ariel,48,btltbl.bin,4546,04,4,STR
Ariel,49,btltbl.bin,4547,05,5,DEF
Ariel,50,btltbl.bin,4548,04,4,STR
Ariel,51,btltbl.bin,4549,05,5,DEF
Ariel,52,btltbl.bin,454A,04,4,STR
Ariel,53,btltbl.bin,454B,05,5,DEF
Ariel,54,btltbl.bin,454C,04,4,STR
Ariel,55,btltbl.bin,454D,05,5,DEF
Ariel,56,btltbl.bin,454E,02,2,MP
Ariel,57,btltbl.bin,454F,04,4,STR
Ariel,58,btltbl.bin,4550,05,5,DEF
Ariel,59,btltbl.bin,4551,04,4,STR
Ariel,60,btltbl.bin,4552,05,5,DEF
Ariel,61,btltbl.bin,4553,04,4,STR
Ariel,62,btltbl.bin,4554,05,5,DEF
Ariel,63,btltbl.bin,4555,04,4,STR
Ariel,64,btltbl.bin,4556,05,5,DEF
Ariel,65,btltbl.bin,4557,04,4,STR
Ariel,66,btltbl.bin,4558,02,2,MP
Ariel,67,btltbl.bin,4559,05,5,DEF
Ariel,68,btltbl.bin,455A,04,4,STR
Ariel,69,btltbl.bin,455B,05,5,DEF
Ariel,70,btltbl.bin,455C,04,4,STR
Ariel,71,btltbl.bin,455D,05,5,DEF
Ariel,72,btltbl.bin,455E,04,4,STR
Ariel,73,btltbl.bin,455F,05,5,DEF
Ariel,74,btltbl.bin,4560,04,4,STR
Ariel,75,btltbl.bin,4561,05,5,DEF
Ariel,76,btltbl.bin,4562,02,2,MP
Ariel,77,btltbl.bin,4563,04,4,STR
Ariel,78,btltbl.bin,4564,05,5,DEF
Ariel,79,btltbl.bin,4565,04,4,STR
Ariel,80,btltbl.bin,4566,05,5,DEF
Ariel,81,btltbl.bin,4567,04,4,STR
Ariel,82,btltbl.bin,4568,05,5,DEF
Ariel,83,btltbl.bin,4569,04,4,STR
Ariel,84,btltbl.bin,456A,05,5,DEF
Ariel,85,btltbl.bin,456B,04,4,STR
Ariel,86,btltbl.bin,456C,05,5,DEF
Ariel,87,btltbl.bin,456D,04,4,STR
Ariel,88,btltbl.bin,456E,05,5,DEF
Ariel,89,btltbl.bin,456F,04,4,STR
Ariel,90,btltbl.bin,4570,05,5,DEF
Ariel,91,btltbl.bin,4571,04,4,STR
Ariel,92,btltbl.bin,4572,05,5,DEF
Ariel,93,btltbl.bin,4573,04,4,STR
Ariel,94,btltbl.bin,4574,05,5,DEF
Ariel,95,btltbl.bin,4575,04,4,STR
Ariel,96,btltbl.bin,4576,05,5,DEF
Ariel,97,btltbl.bin,4577,04,4,STR
Ariel,98,btltbl.bin,4578,05,5,DEF
Ariel,99,btltbl.bin,4579,04,4,STR
Ariel,100,btltbl.bin,457A,05,5,DEF
Jack,2,btltbl.bin,46B0,04,4,STR
Jack,3,btltbl.bin,46B1,05,5,DEF
Jack,4,btltbl.bin,46B2,04,4,STR
Jack,5,btltbl.bin,46B3,05,5,DEF
Jack,6,btltbl.bin,46B4,01,1,HP
Jack,7,btltbl.bin,46B5,04,4,STR
Jack,8,btltbl.bin,46B6,01,1,HP
Jack,9,btltbl.bin,46B7,05,5,DEF
Jack,10,btltbl.bin,46B8,01,1,HP
Jack,11,btltbl.bin,46B9,04,4,STR
Jack,12,btltbl.bin,46BA,01,1,HP
Jack,13,btltbl.bin,46BB,05,5,DEF
Jack,14,btltbl.bin,46BC,02,2,MP
Jack,15,btltbl.bin,46BD,04,4,STR
Jack,16,btltbl.bin,46BE,01,1,HP
Jack,17,btltbl.bin,46BF,05,5,DEF
Jack,18,btltbl.bin,46C0,01,1,HP
Jack,19,btltbl.bin,46C1,04,4,STR
Jack,20,btltbl.bin,46C2,01,1,HP
Jack,21,btltbl.bin,46C3,05,5,DEF
Jack,22,btltbl.bin,46C4,02,2,MP
Jack,23,btltbl.bin,46C5,04,4,STR
Jack,24,btltbl.bin,46C6,01,1,HP
Jack,25,btltbl.bin,46C7,05,5,DEF
Jack,26,btltbl.bin,46C8,01,1,HP
Jack,27,btltbl.bin,46C9,04,4,STR
Jack,28,btltbl.bin,46CA,01,1,HP
Jack,29,btltbl.bin,46CB,05,5,DEF
Jack,30,btltbl.bin,46CC,02,2,MP
Jack,31,btltbl.bin,46CD,04,4,STR
Jack,32,btltbl.bin,46CE,01,1,HP
Jack,33,btltbl.bin,46CF,05,5,DEF
Jack,34,btltbl.bin,46D0,01,1,HP
Jack,35,btltbl.bin,46D1,04,4,STR
Jack,36,btltbl.bin,46D2,01,1,HP
Jack,37,btltbl.bin,46D3,05,5,DEF
Jack,38,btltbl.bin,46D4,02,2,MP
Jack,39,btltbl.bin,46D5,04,4,STR
Jack,40,btltbl.bin,46D6,01,1,HP
Jack,41,btltbl.bin,46D7,05,5,DEF
Jack,42,btltbl.bin,46D8,01,1,HP
Jack,43,btltbl.bin,46D9,04,4,STR
Jack,44,btltbl.bin,46DA,01,1,HP
Jack,45,btltbl.bin,46DB,05,5,DEF
Jack,46,btltbl.bin,46DC,02,2,MP
Jack,47,btltbl.bin,46DD,04,4,STR
Jack,48,btltbl.bin,46DE,01,1,HP
Jack,49,btltbl.bin,46DF,05,5,DEF
Jack,50,btltbl.bin,46E0,01,1,HP
Jack,51,btltbl.bin,46E1,04,4,STR
Jack,52,btltbl.bin,46E2,05,5,DEF
Jack,53,btltbl.bin,46E3,04,4,STR
Jack,54,btltbl.bin,46E4,02,2,MP
Jack,55,btltbl.bin,46E5,05,5,DEF
Jack,56,btltbl.bin,46E6,04,4,STR
Jack,57,btltbl.bin,46E7,05,5,DEF
Jack,58,btltbl.bin,46E8,04,4,STR
Jack,59,btltbl.bin,46E9,05,5,DEF
Jack,60,btltbl.bin,46EA,04,4,STR
Jack,61,btltbl.bin,46EB,05,5,DEF
Jack,62,btltbl.bin,46EC,02,2,MP
Jack,63,btltbl.bin,46ED,04,4,STR
Jack,64,btltbl.bin,46EE,05,5,DEF
Jack,65,btltbl.bin,46EF,04,4,STR
Jack,66,btltbl.bin,46F0,05,5,DEF
Jack,67,btltbl.bin,46F1,04,4,STR
Jack,68,btltbl.bin,46F2,05,5,DEF
Jack,69,btltbl.bin,46F3,04,4,STR
Jack,70,btltbl.bin,46F4,05,5,DEF
Jack,71,btltbl.bin,46F5,04,4,STR
Jack,72,btltbl.bin,46F6,05,5,DEF
Jack,73,btltbl.bin,46F7,04,4,STR
Jack,74,btltbl.bin,46F8,05,5,DEF
Jack,75,btltbl.bin,46F9,04,4,STR
Jack,76,btltbl.bin,46FA,05,5,DEF
Jack,77,btltbl.bin,46FB,04,4,STR
Jack,78,btltbl.bin,46FC,05,5,DEF
Jack,79,btltbl.bin,46FD,04,4,STR
Jack,80,btltbl.bin,46FE,05,5,DEF
Jack,81,btltbl.bin,46FF,04,4,STR
Jack,82,btltbl.bin,4700,05,5,DEF
Jack,83,btltbl.bin,4701,04,4,STR
Jack,84,btltbl.bin,4702,05,5,DEF
Jack,85,btltbl.bin,4703,04,4,STR
Jack,86,btltbl.bin,4704,05,5,DEF
Jack,87,btltbl.bin,4705,04,4,STR
Jack,88,btltbl.bin,4706,05,5,DEF
Jack,89,btltbl.bin,4707,04,4,STR
Jack,90,btltbl.bin,4708,05,5,DEF
Jack,91,btltbl.bin,4709,04,4,STR
Jack,92,btltbl.bin,470A,05,5,DEF
Jack,93,btltbl.bin,470B,04,4,STR
Jack,94,btltbl.bin,470C,05,5,DEF
Jack,95,btltbl.bin,470D,04,4,STR
Jack,96,btltbl.bin,470E,05,5,DEF
Jack,97,btltbl.bin,470F,04,4,STR
Jack,98,btltbl.bin,4710,05,5,DEF
Jack,99,btltbl.bin,4711,04,4,STR
Jack,100,btltbl.bin,4712,05,5,DEF
Peter Pan,2,btltbl.bin,4848,01,1,HP
Peter Pan,3,btltbl.bin,4849,05,5,DEF
Peter Pan,4,btltbl.bin,484A,04,4,STR
Peter Pan,5,btltbl.bin,484B,05,5,DEF
Peter Pan,6,btltbl.bin,484C,01,1,HP
Peter Pan,7,btltbl.bin,484D,04,4,STR
Peter Pan,8,btltbl.bin,484E,02,2,MP
Peter Pan,9,btltbl.bin,484F,05,5,DEF
Peter Pan,10,btltbl.bin,4850,01,1,HP
Peter Pan,11,btltbl.bin,4851,04,4,STR
Peter Pan,12,btltbl.bin,4852,01,1,HP
Peter Pan,13,btltbl.bin,4853,05,5,DEF
Peter Pan,14,btltbl.bin,4854,01,1,HP
Peter Pan,15,btltbl.bin,4855,04,4,STR
Peter Pan,16,btltbl.bin,4856,02,2,MP
Peter Pan,17,btltbl.bin,4857,05,5,DEF
Peter Pan,18,btltbl.bin,4858,01,1,HP
Peter Pan,19,btltbl.bin,4859,04,4,STR
Peter Pan,20,btltbl.bin,485A,01,1,HP
Peter Pan,21,btltbl.bin,485B,05,5,DEF
Peter Pan,22,btltbl.bin,485C,01,1,HP
Peter Pan,23,btltbl.bin,485D,04,4,STR
Peter Pan,24,btltbl.bin,485E,02,2,MP
Peter Pan,25,btltbl.bin,485F,05,5,DEF
Peter Pan,26,btltbl.bin,4860,01,1,HP
Peter Pan,27,btltbl.bin,4861,04,4,STR
Peter Pan,28,btltbl.bin,4862,01,1,HP
Peter Pan,29,btltbl.bin,4863,05,5,DEF
Peter Pan,30,btltbl.bin,4864,01,1,HP
Peter Pan,31,btltbl.bin,4865,04,4,STR
Peter Pan,32,btltbl.bin,4866,02,2,MP
Peter Pan,33,btltbl.bin,4867,05,5,DEF
Peter Pan,34,btltbl.bin,4868,01,1,HP
Peter Pan,35,btltbl.bin,4869,04,4,STR
Peter Pan,36,btltbl.bin,486A,01,1,HP
Peter Pan,37,btltbl.bin,486B,05,5,DEF
Peter Pan,38,btltbl.bin,486C,01,1,HP
Peter Pan,39,btltbl.bin,486D,04,4,STR
Peter Pan,40,btltbl.bin,486E,02,2,MP
Peter Pan,41,btltbl.bin,486F,05,5,DEF
Peter Pan,42,btltbl.bin,4870,01,1,HP
Peter Pan,43,btltbl.bin,4871,04,4,STR
Peter Pan,44,btltbl.bin,4872,01,1,HP
Peter Pan,45,btltbl.bin,4873,05,5,DEF
Peter Pan,46,btltbl.bin,4874,01,1,HP
Peter Pan,47,btltbl.bin,4875,04,4,STR
Peter Pan,48,btltbl.bin,4876,02,2,MP
Peter Pan,49,btltbl.bin,4877,05,5,DEF
Peter Pan,50,btltbl.bin,4878,04,4,STR
Peter Pan,51,btltbl.bin,4879,05,5,DEF
Peter Pan,52,btltbl.bin,487A,04,4,STR
Peter Pan,53,btltbl.bin,487B,05,5,DEF
Peter Pan,54,btltbl.bin,487C,04,4,STR
Peter Pan,55,btltbl.bin,487D,05,5,DEF
Peter Pan,56,btltbl.bin,487E,04,4,STR
Peter Pan,57,btltbl.bin,487F,05,5,DEF
Peter Pan,58,btltbl.bin,4880,04,4,STR
Peter Pan,59,btltbl.bin,4881,05,5,DEF
Peter Pan,60,btltbl.bin,4882,04,4,STR
Peter Pan,61,btltbl.bin,4883,05,5,DEF
Peter Pan,62,btltbl.bin,4884,04,4,STR
Peter Pan,63,btltbl.bin,4885,05,5,DEF
Peter Pan,64,btltbl.bin,4886,04,4,STR
Peter Pan,65,btltbl.bin,4887,05,5,DEF
Peter Pan,66,btltbl.bin,4888,04,4,STR
Peter Pan,67,btltbl.bin,4889,05,5,DEF
Peter Pan,68,btltbl.bin,488A,04,4,STR
Peter Pan,69,btltbl.bin,488B,05,5,DEF
Peter Pan,70,btltbl.bin,488C,04,4,STR
Peter Pan,71,btltbl.bin,488D,05,5,DEF
Peter Pan,72,btltbl.bin,488E,04,4,STR
Peter Pan,73,btltbl.bin,488F,05,5,DEF
Peter Pan,74,btltbl.bin,4890,04,4,STR
Peter Pan,75,btltbl.bin,4891,05,5,DEF
Peter Pan,76,btltbl.bin,4892,04,4,STR
Peter Pan,77,btltbl.bin,4893,05,5,DEF
Peter Pan,78,btltbl.bin,4894,04,4,STR
Peter Pan,79,btltbl.bin,4895,05,5,DEF
Peter Pan,80,btltbl.bin,4896,04,4,STR
Peter Pan,81,btltbl.bin,4897,05,5,DEF
Peter Pan,82,btltbl.bin,4898,04,4,STR
Peter Pan,83,btltbl.bin,4899,05,5,DEF
Peter Pan,84,btltbl.bin,489A,04,4,STR
Peter Pan,85,btltbl.bin,489B,05,5,DEF
Peter Pan,86,btltbl.bin,489C,04,4,STR
Peter Pan,87,btltbl.bin,489D,05,5,DEF
Peter Pan,88,btltbl.bin,489E,04,4,STR
Peter Pan,89,btltbl.bin,489F,05,5,DEF
Peter Pan,90,btltbl.bin,48A0,04,4,STR
Peter Pan,91,btltbl.bin,48A1,05,5,DEF
Peter Pan,92,btltbl.bin,48A2,04,4,STR
Peter Pan,93,btltbl.bin,48A3,05,5,DEF
Peter Pan,94,btltbl.bin,48A4,04,4,STR
Peter Pan,95,btltbl.bin,48A5,05,5,DEF
Peter Pan,96,btltbl.bin,48A6,04,4,STR
Peter Pan,97,btltbl.bin,48A7,05,5,DEF
Peter Pan,98,btltbl.bin,48A8,04,4,STR
Peter Pan,99,btltbl.bin,48A9,05,5,DEF
Peter Pan,100,btltbl.bin,48AA,04,4,STR
Beast,2,btltbl.bin,49E0,04,4,STR
Beast,3,btltbl.bin,49E1,05,5,DEF
Beast,4,btltbl.bin,49E2,04,4,STR
Beast,5,btltbl.bin,49E3,05,5,DEF
Beast,6,btltbl.bin,49E4,01,1,HP
Beast,7,btltbl.bin,49E5,04,4,STR
Beast,8,btltbl.bin,49E6,05,5,DEF
Beast,9,btltbl.bin,49E7,01,1,HP
Beast,10,btltbl.bin,49E8,04,4,STR
Beast,11,btltbl.bin,49E9,05,5,DEF
Beast,12,btltbl.bin,49EA,01,1,HP
Beast,13,btltbl.bin,49EB,04,4,STR
Beast,14,btltbl.bin,49EC,05,5,DEF
Beast,15,btltbl.bin,49ED,01,1,HP
Beast,16,btltbl.bin,49EE,04,4,STR
Beast,17,btltbl.bin,49EF,05,5,DEF
Beast,18,btltbl.bin,49F0,01,1,HP
Beast,19,btltbl.bin,49F1,04,4,STR
Beast,20,btltbl.bin,49F2,05,5,DEF
Beast,21,btltbl.bin,49F3,02,2,MP
Beast,22,btltbl.bin,49F4,04,4,STR
Beast,23,btltbl.bin,49F5,05,5,DEF
Beast,24,btltbl.bin,49F6,01,1,HP
Beast,25,btltbl.bin,49F7,04,4,STR
Beast,26,btltbl.bin,49F8,05,5,DEF
Beast,27,btltbl.bin,49F9,01,1,HP
Beast,28,btltbl.bin,49FA,04,4,STR
Beast,29,btltbl.bin,49FB,05,5,DEF
Beast,30,btltbl.bin,49FC,01,1,HP
Beast,31,btltbl.bin,49FD,04,4,STR
Beast,32,btltbl.bin,49FE,05,5,DEF
Beast,33,btltbl.bin,49FF,01,1,HP
Beast,34,btltbl.bin,4A00,04,4,STR
Beast,35,btltbl.bin,4A01,05,5,DEF
Beast,36,btltbl.bin,4A02,01,1,HP
Beast,37,btltbl.bin,4A03,04,4,STR
Beast,38,btltbl.bin,4A04,05,5,DEF
Beast,39,btltbl.bin,4A05,01,1,HP
Beast,40,btltbl.bin,4A06,04,4,STR
Beast,41,btltbl.bin,4A07,05,5,DEF
Beast,42,btltbl.bin,4A08,01,1,HP
Beast,43,btltbl.bin,4A09,04,4,STR
Beast,44,btltbl.bin,4A0A,05,5,DEF
Beast,45,btltbl.bin,4A0B,02,2,MP
Beast,46,btltbl.bin,4A0C,04,4,STR
Beast,47,btltbl.bin,4A0D,05,5,DEF
Beast,48,btltbl.bin,4A0E,01,1,HP
Beast,49,btltbl.bin,4A0F,04,4,STR
Beast,50,btltbl.bin,4A10,05,5,DEF
Beast,51,btltbl.bin,4A11,01,1,HP
Beast,52,btltbl.bin,4A12,04,4,STR
Beast,53,btltbl.bin,4A13,05,5,DEF
Beast,54,btltbl.bin,4A14,01,1,HP
Beast,55,btltbl.bin,4A15,04,4,STR
Beast,56,btltbl.bin,4A16,05,5,DEF
Beast,57,btltbl.bin,4A17,01,1,HP
Beast,58,btltbl.bin,4A18,04,4,STR
Beast,59,btltbl.bin,4A19,05,5,DEF
Beast,60,btltbl.bin,4A1A,01,1,HP
Beast,61,btltbl.bin,4A1B,04,4,STR
Beast,62,btltbl.bin,4A1C,05,5,DEF
Beast,63,btltbl.bin,4A1D,01,1,HP
Beast,64,btltbl.bin,4A1E,04,4,STR
Beast,65,btltbl.bin,4A1F,05,5,DEF
Beast,66,btltbl.bin,4A20,01,1,HP
Beast,67,btltbl.bin,4A21,04,4,STR
Beast,68,btltbl.bin,4A22,05,5,DEF
Beast,69,btltbl.bin,4A23,01,1,HP
Beast,70,btltbl.bin,4A24,04,4,STR
Beast,71,btltbl.bin,4A25,05,5,DEF
Beast,72,btltbl.bin,4A26,04,4,STR
Beast,73,btltbl.bin,4A27,05,5,DEF
Beast,74,btltbl.bin,4A28,04,4,STR
Beast,75,btltbl.bin,4A29,05,5,DEF
Beast,76,btltbl.bin,4A2A,04,4,STR
Beast,77,btltbl.bin,4A2B,05,5,DEF
Beast,78,btltbl.bin,4A2C,04,4,STR
Beast,79,btltbl.bin,4A2D,05,5,DEF
Beast,80,btltbl.bin,4A2E,04,4,STR
Beast,81,btltbl.bin,4A2F,05,5,DEF
Beast,82,btltbl.bin,4A30,04,4,STR
Beast,83,btltbl.bin,4A31,05,5,DEF
Beast,84,btltbl.bin,4A32,04,4,STR
Beast,85,btltbl.bin,4A33,05,5,DEF
Beast,86,btltbl.bin,4A34,04,4,STR
Beast,87,btltbl.bin,4A35,05,5,DEF
Beast,88,btltbl.bin,4A36,04,4,STR
Beast,89,btltbl.bin,4A37,05,5,DEF
Beast,90,btltbl.bin,4A38,04,4,STR
Beast,91,btltbl.bin,4A39,05,5,DEF
Beast,92,btltbl.bin,4A3A,04,4,STR
Beast,93,btltbl.bin,4A3B,05,5,DEF
Beast,94,btltbl.bin,4A3C,04,4,STR
Beast,95,btltbl.bin,4A3D,05,5,DEF
Beast,96,btltbl.bin,4A3E,04,4,STR
Beast,97,btltbl.bin,4A3F,05,5,DEF
Beast,98,btltbl.bin,4A40,04,4,STR
Beast,99,btltbl.bin,4A41,05,5,DEF
Beast,100,btltbl.bin,4A42,04,4,STR
