Level,File,Offset,Value (Hex),Stat Increase
2,btltbl.bin,3AC0,4,STR
3,btltbl.bin,3AC1,5,DEF
4,btltbl.bin,3AC2,4,STR
5,btltbl.bin,3AC3,5,DEF
6,btltbl.bin,3AC4,1,HP
7,btltbl.bin,3AC5,4,STR
8,btltbl.bin,3AC6,1,HP
9,btltbl.bin,3AC7,5,DEF
10,btltbl.bin,3AC8,1,HP
11,btltbl.bin,3AC9,3,AP
12,btltbl.bin,3ACA,2,MP
13,btltbl.bin,3ACB,4,STR
14,btltbl.bin,3ACC,1,HP
15,btltbl.bin,3ACD,5,DEF
16,btltbl.bin,3ACE,1,HP
17,btltbl.bin,3ACF,3,AP
18,btltbl.bin,3AD0,6,ITEM
19,btltbl.bin,3AD1,4,STR
20,btltbl.bin,3AD2,3,AP
21,btltbl.bin,3AD3,5,DEF
22,btltbl.bin,3AD4,1,HP
23,btltbl.bin,3AD5,3,AP
24,btltbl.bin,3AD6,2,MP
25,btltbl.bin,3AD7,4,STR
26,btltbl.bin,3AD8,1,HP
27,btltbl.bin,3AD9,5,DEF
28,btltbl.bin,3ADA,1,HP
29,btltbl.bin,3ADB,3,AP
30,btltbl.bin,3ADC,6,ITEM
31,btltbl.bin,3ADD,4,STR
32,btltbl.bin,3ADE,3,AP
33,btltbl.bin,3ADF,5,DEF
34,btltbl.bin,3AE0,1,HP
35,btltbl.bin,3AE1,3,AP
36,btltbl.bin,3AE2,2,MP
37,btltbl.bin,3AE3,4,STR
38,btltbl.bin,3AE4,1,HP
39,btltbl.bin,3AE5,5,DEF
40,btltbl.bin,3AE6,1,HP
41,btltbl.bin,3AE7,3,AP
42,btltbl.bin,3AE8,6,ITEM
43,btltbl.bin,3AE9,4,STR
44,btltbl.bin,3AEA,3,AP
45,btltbl.bin,3AEB,5,DEF
46,btltbl.bin,3AEC,1,HP
47,btltbl.bin,3AED,3,AP
48,btltbl.bin,3AEE,2,MP
49,btltbl.bin,3AEF,4,STR
50,btltbl.bin,3AF0,1,HP
51,btltbl.bin,3AF1,5,DEF
52,btltbl.bin,3AF2,1,HP
53,btltbl.bin,3AF3,3,AP
54,btltbl.bin,3AF4,1,HP
55,btltbl.bin,3AF5,4,STR
56,btltbl.bin,3AF6,3,AP
57,btltbl.bin,3AF7,5,DEF
58,btltbl.bin,3AF8,1,HP
59,btltbl.bin,3AF9,3,AP
60,btltbl.bin,3AFA,2,MP
61,btltbl.bin,3AFB,4,STR
62,btltbl.bin,3AFC,1,HP
63,btltbl.bin,3AFD,5,DEF
64,btltbl.bin,3AFE,1,HP
65,btltbl.bin,3AFF,3,AP
66,btltbl.bin,3B00,1,HP
67,btltbl.bin,3B01,4,STR
68,btltbl.bin,3B02,3,AP
69,btltbl.bin,3B03,5,DEF
70,btltbl.bin,3B04,1,HP
71,btltbl.bin,3B05,3,AP
72,btltbl.bin,3B06,1,HP
73,btltbl.bin,3B07,4,STR
74,btltbl.bin,3B08,1,HP
75,btltbl.bin,3B09,5,DEF
76,btltbl.bin,3B0A,1,HP
77,btltbl.bin,3B0B,3,AP
78,btltbl.bin,3B0C,4,STR
79,btltbl.bin,3B0D,5,DEF
80,btltbl.bin,3B0E,3,AP
81,btltbl.bin,3B0F,4,STR
82,btltbl.bin,3B10,5,DEF
83,btltbl.bin,3B11,3,AP
84,btltbl.bin,3B12,4,STR
85,btltbl.bin,3B13,5,DEF
86,btltbl.bin,3B14,3,AP
87,btltbl.bin,3B15,4,STR
88,btltbl.bin,3B16,5,DEF
89,btltbl.bin,3B17,3,AP
90,btltbl.bin,3B18,4,STR
91,btltbl.bin,3B19,5,DEF
92,btltbl.bin,3B1A,3,AP
93,btltbl.bin,3B1B,4,STR
94,btltbl.bin,3B1C,5,DEF
95,btltbl.bin,3B1D,3,AP
96,btltbl.bin,3B1E,4,STR
97,btltbl.bin,3B1F,5,DEF
98,btltbl.bin,3B20,3,AP
99,btltbl.bin,3B21,4,STR
100,btltbl.bin,3B22,5,DEF
