Level,Path,File,Offset,Value (HEX),Value
1,Warrior,btltbl.bin,3B27,0,-
2,Warrior,btltbl.bin,3B28,0,-
3,Warrior,btltbl.bin,3B29,0,-
4,Warrior,btltbl.bin,3B2A,0,-
5,Warrior,btltbl.bin,3B2B,0,-
6,Warrior,btltbl.bin,3B2C,B6,Sliding Dash
7,Warrior,btltbl.bin,3B2D,0,-
8,Warrior,btltbl.bin,3B2E,0,-
9,Warrior,btltbl.bin,3B2F,8A,Scan
10,Warrior,btltbl.bin,3B30,0,-
11,Warrior,btltbl.bin,3B31,0,-
12,Warrior,btltbl.bin,3B32,B5,Slapshot
13,Warrior,btltbl.bin,3B33,0,-
14,Warrior,btltbl.bin,3B34,0,-
15,Warrior,btltbl.bin,3B35,93,Counterattack
16,Warrior,btltbl.bin,3B36,0,-
17,Warrior,btltbl.bin,3B37,0,-
18,Warrior,btltbl.bin,3B38,BC,Tech Boost
19,Warrior,btltbl.bin,3B39,0,-
20,Warrior,btltbl.bin,3B3A,0,-
21,Warrior,btltbl.bin,3B3B,86,Combo Plus
22,Warrior,btltbl.bin,3B3C,0,-
23,Warrior,btltbl.bin,3B3D,0,-
24,Warrior,btltbl.bin,3B3E,95,Guard
25,Warrior,btltbl.bin,3B3F,0,-
26,Warrior,btltbl.bin,3B40,0,-
27,Warrior,btltbl.bin,3B41,B7,Hurricane Blast
28,Warrior,btltbl.bin,3B42,0,-
29,Warrior,btltbl.bin,3B43,0,-
30,Warrior,btltbl.bin,3B44,2,Max MP
31,Warrior,btltbl.bin,3B45,0,-
32,Warrior,btltbl.bin,3B46,0,-
33,Warrior,btltbl.bin,3B47,94,Blitz
34,Warrior,btltbl.bin,3B48,0,-
35,Warrior,btltbl.bin,3B49,0,-
36,Warrior,btltbl.bin,3B4A,85,Treasure Magnet
37,Warrior,btltbl.bin,3B4B,0,-
38,Warrior,btltbl.bin,3B4C,0,-
39,Warrior,btltbl.bin,3B4D,B8,Ripple Drive
40,Warrior,btltbl.bin,3B4E,0,-
41,Warrior,btltbl.bin,3B4F,0,-
42,Warrior,btltbl.bin,3B50,7,Accessory Slot
43,Warrior,btltbl.bin,3B51,0,-
44,Warrior,btltbl.bin,3B52,0,-
45,Warrior,btltbl.bin,3B53,97,MP Haste
46,Warrior,btltbl.bin,3B54,0,-
47,Warrior,btltbl.bin,3B55,0,-
48,Warrior,btltbl.bin,3B56,99,Second Chance
49,Warrior,btltbl.bin,3B57,0,-
50,Warrior,btltbl.bin,3B58,0,-
51,Warrior,btltbl.bin,3B59,B9,Stun Impact
52,Warrior,btltbl.bin,3B5A,0,-
53,Warrior,btltbl.bin,3B5B,0,-
54,Warrior,btltbl.bin,3B5C,6,Item Slot
55,Warrior,btltbl.bin,3B5D,0,-
56,Warrior,btltbl.bin,3B5E,0,-
57,Warrior,btltbl.bin,3B5F,91,Vortex
58,Warrior,btltbl.bin,3B60,0,-
59,Warrior,btltbl.bin,3B61,0,-
60,Warrior,btltbl.bin,3B62,92,Aerial Sweep
61,Warrior,btltbl.bin,3B63,0,-
62,Warrior,btltbl.bin,3B64,0,-
63,Warrior,btltbl.bin,3B65,98,MP Rage
64,Warrior,btltbl.bin,3B66,0,-
65,Warrior,btltbl.bin,3B67,0,-
66,Warrior,btltbl.bin,3B68,86,Combo Plus
67,Warrior,btltbl.bin,3B69,0,-
68,Warrior,btltbl.bin,3B6A,0,-
69,Warrior,btltbl.bin,3B6B,BE,Leaf Bracer
70,Warrior,btltbl.bin,3B6C,0,-
71,Warrior,btltbl.bin,3B6D,0,-
72,Warrior,btltbl.bin,3B6E,87,Air Combo Plus
73,Warrior,btltbl.bin,3B6F,0,-
74,Warrior,btltbl.bin,3B70,0,-
75,Warrior,btltbl.bin,3B71,85,Treasure Magnet
76,Warrior,btltbl.bin,3B72,0,-
77,Warrior,btltbl.bin,3B73,0,-
78,Warrior,btltbl.bin,3B74,9A,Berserk
79,Warrior,btltbl.bin,3B75,0,-
80,Warrior,btltbl.bin,3B76,0,-
81,Warrior,btltbl.bin,3B77,BC,Tech Boost
82,Warrior,btltbl.bin,3B78,0,-
83,Warrior,btltbl.bin,3B79,0,-
84,Warrior,btltbl.bin,3B7A,88,Critical Plus
85,Warrior,btltbl.bin,3B7B,0,-
86,Warrior,btltbl.bin,3B7C,0,-
87,Warrior,btltbl.bin,3B7D,98,MP Rage
88,Warrior,btltbl.bin,3B7E,0,-
89,Warrior,btltbl.bin,3B7F,0,-
90,Warrior,btltbl.bin,3B80,9C,Lucky Strike
91,Warrior,btltbl.bin,3B81,0,-
92,Warrior,btltbl.bin,3B82,0,-
93,Warrior,btltbl.bin,3B83,86,Combo Plus
94,Warrior,btltbl.bin,3B84,0,-
95,Warrior,btltbl.bin,3B85,0,-
96,Warrior,btltbl.bin,3B86,87,Air Combo Plus
97,Warrior,btltbl.bin,3B87,0,-
98,Warrior,btltbl.bin,3B88,0,-
99,Warrior,btltbl.bin,3B89,88,Critical Plus
100,Warrior,btltbl.bin,3B8A,9B,Jackpot
1,Guardian,btltbl.bin,3B8F,0,-
2,Guardian,btltbl.bin,3B90,0,-
3,Guardian,btltbl.bin,3B91,6,Item Slot
4,Guardian,btltbl.bin,3B92,0,-
5,Guardian,btltbl.bin,3B93,0,-
6,Guardian,btltbl.bin,3B94,B5,Slapshot
7,Guardian,btltbl.bin,3B95,0,-
8,Guardian,btltbl.bin,3B96,0,-
9,Guardian,btltbl.bin,3B97,9A,Berserk
10,Guardian,btltbl.bin,3B98,0,-
11,Guardian,btltbl.bin,3B99,0,-
12,Guardian,btltbl.bin,3B9A,BC,Tech Boost
13,Guardian,btltbl.bin,3B9B,0,-
14,Guardian,btltbl.bin,3B9C,0,-
15,Guardian,btltbl.bin,3B9D,95,Guard
16,Guardian,btltbl.bin,3B9E,0,-
17,Guardian,btltbl.bin,3B9F,0,-
18,Guardian,btltbl.bin,3BA0,B9,Stun Impact
19,Guardian,btltbl.bin,3BA1,0,-
20,Guardian,btltbl.bin,3BA2,0,-
21,Guardian,btltbl.bin,3BA3,8A,Scan
22,Guardian,btltbl.bin,3BA4,0,-
23,Guardian,btltbl.bin,3BA5,0,-
24,Guardian,btltbl.bin,3BA6,9C,Lucky Strike
25,Guardian,btltbl.bin,3BA7,0,-
26,Guardian,btltbl.bin,3BA8,0,-
27,Guardian,btltbl.bin,3BA9,BE,Leaf Bracer
28,Guardian,btltbl.bin,3BAA,0,-
29,Guardian,btltbl.bin,3BAB,0,-
30,Guardian,btltbl.bin,3BAC,85,Treasure Magnet
31,Guardian,btltbl.bin,3BAD,0,-
32,Guardian,btltbl.bin,3BAE,0,-
33,Guardian,btltbl.bin,3BAF,7,Accessory Slot
34,Guardian,btltbl.bin,3BB0,0,-
35,Guardian,btltbl.bin,3BB1,0,-
36,Guardian,btltbl.bin,3BB2,99,Second Chance
37,Guardian,btltbl.bin,3BB3,0,-
38,Guardian,btltbl.bin,3BB4,0,-
39,Guardian,btltbl.bin,3BB5,B6,Sliding Dash
40,Guardian,btltbl.bin,3BB6,0,-
41,Guardian,btltbl.bin,3BB7,0,-
42,Guardian,btltbl.bin,3BB8,9B,Jackpot
43,Guardian,btltbl.bin,3BB9,0,-
44,Guardian,btltbl.bin,3BBA,0,-
45,Guardian,btltbl.bin,3BBB,93,Counterattack
46,Guardian,btltbl.bin,3BBC,0,-
47,Guardian,btltbl.bin,3BBD,0,-
48,Guardian,btltbl.bin,3BBE,88,Critical Plus
49,Guardian,btltbl.bin,3BBF,0,-
50,Guardian,btltbl.bin,3BC0,0,-
51,Guardian,btltbl.bin,3BC1,B7,Hurricane Blast
52,Guardian,btltbl.bin,3BC2,0,-
53,Guardian,btltbl.bin,3BC3,0,-
54,Guardian,btltbl.bin,3BC4,6,Item Slot
55,Guardian,btltbl.bin,3BC5,0,-
56,Guardian,btltbl.bin,3BC6,0,-
57,Guardian,btltbl.bin,3BC7,85,Treasure Magnet
58,Guardian,btltbl.bin,3BC8,0,-
59,Guardian,btltbl.bin,3BC9,0,-
60,Guardian,btltbl.bin,3BCA,94,Blitz
61,Guardian,btltbl.bin,3BCB,0,-
62,Guardian,btltbl.bin,3BCC,0,-
63,Guardian,btltbl.bin,3BCD,86,Combo Plus
64,Guardian,btltbl.bin,3BCE,0,-
65,Guardian,btltbl.bin,3BCF,0,-
66,Guardian,btltbl.bin,3BD0,2,Max MP
67,Guardian,btltbl.bin,3BD1,0,-
68,Guardian,btltbl.bin,3BD2,0,-
69,Guardian,btltbl.bin,3BD3,B8,Ripple Drive
70,Guardian,btltbl.bin,3BD4,0,-
71,Guardian,btltbl.bin,3BD5,0,-
72,Guardian,btltbl.bin,3BD6,97,MP Haste
73,Guardian,btltbl.bin,3BD7,0,-
74,Guardian,btltbl.bin,3BD8,0,-
75,Guardian,btltbl.bin,3BD9,88,Critical Plus
76,Guardian,btltbl.bin,3BDA,0,-
77,Guardian,btltbl.bin,3BDB,0,-
78,Guardian,btltbl.bin,3BDC,91,Vortex
79,Guardian,btltbl.bin,3BDD,0,-
80,Guardian,btltbl.bin,3BDE,0,-
81,Guardian,btltbl.bin,3BDF,BC,Tech Boost
82,Guardian,btltbl.bin,3BE0,0,-
83,Guardian,btltbl.bin,3BE1,0,-
84,Guardian,btltbl.bin,3BE2,92,Aerial Sweep
85,Guardian,btltbl.bin,3BE3,0,-
86,Guardian,btltbl.bin,3BE4,0,-
87,Guardian,btltbl.bin,3BE5,86,Combo Plus
88,Guardian,btltbl.bin,3BE6,0,-
89,Guardian,btltbl.bin,3BE7,0,-
90,Guardian,btltbl.bin,3BE8,98,MP Rage
91,Guardian,btltbl.bin,3BE9,0,-
92,Guardian,btltbl.bin,3BEA,0,-
93,Guardian,btltbl.bin,3BEB,87,Air Combo Plus
94,Guardian,btltbl.bin,3BEC,0,-
95,Guardian,btltbl.bin,3BED,0,-
96,Guardian,btltbl.bin,3BEE,86,Combo Plus
97,Guardian,btltbl.bin,3BEF,0,-
98,Guardian,btltbl.bin,3BF0,0,-
99,Guardian,btltbl.bin,3BF1,87,Air Combo Plus
100,Guardian,btltbl.bin,3BF2,98,MP Rage
1,Mystic,btltbl.bin,3BF7,0,-
2,Mystic,btltbl.bin,3BF8,0,-
3,Mystic,btltbl.bin,3BF9,0,-
4,Mystic,btltbl.bin,3BFA,0,-
5,Mystic,btltbl.bin,3BFB,0,-
6,Mystic,btltbl.bin,3BFC,B9,Stun Impact
7,Mystic,btltbl.bin,3BFD,0,-
8,Mystic,btltbl.bin,3BFE,0,-
9,Mystic,btltbl.bin,3BFF,85,Treasure Magnet
10,Mystic,btltbl.bin,3C00,0,-
11,Mystic,btltbl.bin,3C01,0,-
12,Mystic,btltbl.bin,3C02,B8,Ripple Drive
13,Mystic,btltbl.bin,3C03,0,-
14,Mystic,btltbl.bin,3C04,0,-
15,Mystic,btltbl.bin,3C05,8A,Scan
16,Mystic,btltbl.bin,3C06,0,-
17,Mystic,btltbl.bin,3C07,0,-
18,Mystic,btltbl.bin,3C08,B7,Hurricane Blast
19,Mystic,btltbl.bin,3C09,0,-
20,Mystic,btltbl.bin,3C0A,0,-
21,Mystic,btltbl.bin,3C0B,97,MP Haste
22,Mystic,btltbl.bin,3C0C,0,-
23,Mystic,btltbl.bin,3C0D,0,-
24,Mystic,btltbl.bin,3C0E,87,Air Combo Plus
25,Mystic,btltbl.bin,3C0F,0,-
26,Mystic,btltbl.bin,3C10,0,-
27,Mystic,btltbl.bin,3C11,BC,Tech Boost
28,Mystic,btltbl.bin,3C12,0,-
29,Mystic,btltbl.bin,3C13,0,-
30,Mystic,btltbl.bin,3C14,2,Max MP
31,Mystic,btltbl.bin,3C15,0,-
32,Mystic,btltbl.bin,3C16,0,-
33,Mystic,btltbl.bin,3C17,95,Guard
34,Mystic,btltbl.bin,3C18,0,-
35,Mystic,btltbl.bin,3C19,0,-
36,Mystic,btltbl.bin,3C1A,92,Aerial Sweep
37,Mystic,btltbl.bin,3C1B,0,-
38,Mystic,btltbl.bin,3C1C,0,-
39,Mystic,btltbl.bin,3C1D,BE,Leaf Bracer
40,Mystic,btltbl.bin,3C1E,0,-
41,Mystic,btltbl.bin,3C1F,0,-
42,Mystic,btltbl.bin,3C20,98,MP Rage
43,Mystic,btltbl.bin,3C21,0,-
44,Mystic,btltbl.bin,3C22,0,-
45,Mystic,btltbl.bin,3C23,87,Air Combo Plus
46,Mystic,btltbl.bin,3C24,0,-
47,Mystic,btltbl.bin,3C25,0,-
48,Mystic,btltbl.bin,3C26,9C,Lucky Strike
49,Mystic,btltbl.bin,3C27,0,-
50,Mystic,btltbl.bin,3C28,0,-
51,Mystic,btltbl.bin,3C29,B6,Sliding Dash
52,Mystic,btltbl.bin,3C2A,0,-
53,Mystic,btltbl.bin,3C2B,0,-
54,Mystic,btltbl.bin,3C2C,7,Accessory Slot
55,Mystic,btltbl.bin,3C2D,0,-
56,Mystic,btltbl.bin,3C2E,0,-
57,Mystic,btltbl.bin,3C2F,93,Counterattack
58,Mystic,btltbl.bin,3C30,0,-
59,Mystic,btltbl.bin,3C31,0,-
60,Mystic,btltbl.bin,3C32,9A,Berserk
61,Mystic,btltbl.bin,3C33,0,-
62,Mystic,btltbl.bin,3C34,0,-
63,Mystic,btltbl.bin,3C35,9B,Jackpot
64,Mystic,btltbl.bin,3C36,0,-
65,Mystic,btltbl.bin,3C37,0,-
66,Mystic,btltbl.bin,3C38,2,Max MP
67,Mystic,btltbl.bin,3C39,0,-
68,Mystic,btltbl.bin,3C3A,0,-
69,Mystic,btltbl.bin,3C3B,B5,Slapshot
70,Mystic,btltbl.bin,3C3C,0,-
71,Mystic,btltbl.bin,3C3D,0,-
72,Mystic,btltbl.bin,3C3E,85,Treasure Magnet
73,Mystic,btltbl.bin,3C3F,0,-
74,Mystic,btltbl.bin,3C40,0,-
75,Mystic,btltbl.bin,3C41,98,MP Rage
76,Mystic,btltbl.bin,3C42,0,-
77,Mystic,btltbl.bin,3C43,0,-
78,Mystic,btltbl.bin,3C44,94,Blitz
79,Mystic,btltbl.bin,3C45,0,-
80,Mystic,btltbl.bin,3C46,0,-
81,Mystic,btltbl.bin,3C47,BC,Tech Boost
82,Mystic,btltbl.bin,3C48,0,-
83,Mystic,btltbl.bin,3C49,0,-
84,Mystic,btltbl.bin,3C4A,91,Vortex
85,Mystic,btltbl.bin,3C4B,0,-
86,Mystic,btltbl.bin,3C4C,0,-
87,Mystic,btltbl.bin,3C4D,86,Combo Plus
88,Mystic,btltbl.bin,3C4E,0,-
89,Mystic,btltbl.bin,3C4F,0,-
90,Mystic,btltbl.bin,3C50,99,Second Chance
91,Mystic,btltbl.bin,3C51,0,-
92,Mystic,btltbl.bin,3C52,0,-
93,Mystic,btltbl.bin,3C53,86,Combo Plus
94,Mystic,btltbl.bin,3C54,0,-
95,Mystic,btltbl.bin,3C55,0,-
96,Mystic,btltbl.bin,3C56,88,Critical Plus
97,Mystic,btltbl.bin,3C57,0,-
98,Mystic,btltbl.bin,3C58,0,-
99,Mystic,btltbl.bin,3C59,86,Combo Plus
100,Mystic,btltbl.bin,3C5A,88,Critical Plus
