ID,ID (Hex),Name
1,01,High Jump
2,02,Mermaid Kick
3,03,Glide
4,04,Superglide
5,05,Treasure Magnet
6,06,Combo Plus
7,07,Air Combo Plus
8,08,Critical Plus
9,09,Second Wind
10,0A,Scan
11,0B,Sonic Blade
12,0C,Ars Arcanum
13,0D,Strike Raid
14,0E,Ragnarok
15,0F,Trinity Limit
16,10,Cheer
17,11,Vortex
18,12,Aerial Sweep
19,13,Counterattack
20,14,Blitz
21,15,Guard
22,16,Dodge Roll
23,17,MP Haste
24,18,MP Rage
25,19,Second Chance
26,1A,Berserk
27,1B,Jackpot
28,1C,Lucky Strike
29,1D,Charge
30,1E,Rocket
31,1F,Tornado
32,20,MP Gift
33,21,Raging Boar
34,22,Asp's Bite
35,23,Healing Herb
36,24,Wind Armor
37,25,Crescent
38,26,Sandstorm
39,27,Applause!
40,28,Blazing Fury
41,29,Icy Terror
42,2A,Bolts of Sorrow
43,2B,Ghostly Scream
44,2C,Humming Bird
45,2D,Time-Out
46,2E,Storm's Eye
47,2F,Ferocious Lunge
48,30,Furious Bellow
49,31,Spiral Wave
50,32,Thunder Potion
51,33,Cure Potion
52,34,Aero Potion
53,35,Slapshot
54,36,Sliding Dash
55,37,Hurricane Blast
56,38,Ripple Drive
57,39,Stun Impact
58,3A,Gravity Break
59,3B,Zantetsuken
60,3C,Tech Boost
61,3D,Encounter Plus
62,3E,Leaf Bracer
63,3F,Evolution
64,40,EXP Zero
65,41,Combo Master
