String,Name,Type
Aladdin,xa_al_0030.mdls,Party Member
Aladdin,xa_al_0038.mdls,Party Member
Aladdin,xa_al_0039.mdls,Party Member
Jasmine,xa_al_1000.mdls,NPC
Jasmine,xa_al_1008.mdls,NPC
Jasmine,xa_al_1009.mdls,NPC
Magic Carpet,xa_al_1010.mdls,NPC
Magic Carpet,xa_al_1019.mdls,NPC
Iago (Parrot),xa_al_1020.mdls,NPC
Iago (Parrot),xa_al_1028.mdls,NPC
Iago (Parrot),xa_al_1029.mdls,NPC
Random NPC,xa_al_1030.mdls,NPC
Random NPC,xa_al_1040.mdls,NPC
Random NPC,xa_al_1050.mdls,NPC
The Peddler,xa_al_1060.mdls,NPC
Random NPC,xa_al_1070.mdls,NPC
Babu,xa_al_1080.mdls,NPC
Babu,xa_al_1089.mdls,NPC
Dark Lamp (Jafar’s Lamp),xa_al_2010.mdls,NPC
Jafar,xa_al_3010.mdls,Small Boss
Jafar,xa_al_3018.mdls,Small Boss
Jafar,xa_al_3019.mdls,Small Boss
Jafar Genie,xa_al_3020.mdls,Large Boss
Jafar Genie,xa_al_3029.mdls,Large Boss
Pot Centipede (Piece 1),xa_al_3030.mdls,Small Boss
Pot Centipede (Piece 2),xa_al_3040.mdls,Small Boss
Kurt Zisa,xa_al_3050.mdls,Large Boss
Kurt Zisa,xa_al_3059.mdls,Large Boss
Cave of Wonders Guardian (Tiger Head),xa_al_3060.mdls,Large Boss
Aladdin (High-Poly),xa_al_7000.mdls,NPC
Jafar (High-Poly),xa_al_7010.mdls,NPC
Genie (High-Poly),xa_al_7020.mdls,NPC
White Rabbit,xa_aw_1000.mdls,NPC
White Rabbit,xa_aw_1009.mdls,NPC
Queen of Hearts,xa_aw_1010.mdls,NPC
Queen of Hearts,xa_aw_1011.mdls,NPC
Queen of Hearts,xa_aw_1019.mdls,NPC
Cheshire Cat,xa_aw_1020.mdls,NPC
Cheshire Cat,xa_aw_1029.mdls,NPC
Ace of Spade Card,xa_aw_1030.mdls,Mob
Ace of Spade Card,xa_aw_1031.mdls,Mob
Ace of Spade Card,xa_aw_1039.mdls,Mob
Ace of Hearts Card,xa_aw_1060.mdls,Mob
Ace of Hearts Card,xa_aw_1061.mdls,Mob
Ace of Hearts Card,xa_aw_1069.mdls,Mob
Door knob,xa_aw_1090.mdls,NPC
Door knob,xa_aw_1099.mdls,NPC
Trickmaster,xa_aw_3000.mdls,Large Boss
Trickmaster,xa_aw_3009.mdls,Large Boss
Queen of Hearts (High-Poly),xa_aw_7000.mdls,NPC
Donald (Wizard),xa_dc_1000.mdls,NPC
Goofy (Knight),xa_dc_1010.mdls,NPC
Mini Mouse,xa_dc_1020.mdls,NPC
Mini Mouse,xa_dc_1029.mdls,NPC
Daisy,xa_dc_1030.mdls,NPC
Daisy,xa_dc_1039.mdls,NPC
Chip,xa_dc_1040.mdls,NPC
Chip,xa_dc_1049.mdls,NPC
Dale,xa_dc_1050.mdls,NPC
Dale,xa_dc_1059.mdls,NPC
Magic Broom,xa_dc_1060.mdls,NPC
Magic Broom,xa_dc_1069.mdls,NPC
Jimminy Cricket,xa_dc_1070.mdls,NPC
Jimminy Cricket,xa_dc_1079.mdls,NPC
Dream Sword,xa_dh_1010.mdls,Object
Dream Shield,xa_dh_1020.mdls,Object
Dream Wand,xa_dh_1030.mdls,Object
Seagull,xa_di_1000.mdls,NPC
Tidus,xa_di_1010.mdls,NPC
Tidus,xa_di_1019.mdls,NPC
Selphie,xa_di_1020.mdls,NPC
Selphie,xa_di_1029.mdls,NPC
Wakka,xa_di_1030.mdls,NPC
Wakka,xa_di_1039.mdls,NPC
Fish,xa_di_1041.mdls,Object
Darkside,xa_di_3000.mdls,Large Boss
Darkside,xa_di_3001.mdls,Large Boss
Darkside,xa_di_3009.mdls,Large Boss
Bit Sniper,xa_ew_2010.mdls,Mob
Part of Ansem Boss (Structure),xa_ew_2020.mdls,Large Boss
Part of Ansem Boss (Structure),xa_ew_2030.mdls,Large Boss
Part of Ansem Boss (Monster Face),xa_ew_2040.mdls,Large Boss
Part of Ansem Boss (Structure),xa_ew_2050.mdls,Large Boss
End of World Piece? (unknown),xa_ew_2060.mdls,Large Boss
Ansem (Final Boss),xa_ew_3020.mdls,Large Boss
Sora,xa_ex_0010.mdls,Player
Sora,xa_ex_0012.mdls,Player
Sora,xa_ex_0019.mdls,Player
Donald,xa_ex_0040.mdls,Party Member
Donald,xa_ex_0048.mdls,Party Member
Donald,xa_ex_0049.mdls,Party Member
Goofy,xa_ex_0050.mdls,Party Member
Goofy,xa_ex_0058.mdls,Party Member
Goofy,xa_ex_0059.mdls,Party Member
Riku (Wooden Sword),xa_ex_1010.mdls,Small Boss
Riku (Wooden Sword),xa_ex_1011.mdls,Small Boss
Riku (Wooden Sword),xa_ex_1019.mdls,Small Boss
Kairi,xa_ex_1020.mdls,NPC
Kairi,xa_ex_1029.mdls,NPC
Leon,xa_ex_1030.mdls,Small Boss
Leon,xa_ex_1031.mdls,Small Boss
Leon,xa_ex_1038.mdls,Small Boss
Leon,xa_ex_1039.mdls,Small Boss
Yuffie,xa_ex_1040.mdls,Small Boss
Yuffie,xa_ex_1041.mdls,Small Boss
Yuffie,xa_ex_1048.mdls,Small Boss
Yuffie,xa_ex_1049.mdls,Small Boss
Mickey,xa_ex_1050.mdls,NPC
Mickey,xa_ex_1059.mdls,NPC
Pluto,xa_ex_1060.mdls,NPC
Pluto,xa_ex_1069.mdls,NPC
Maleficent,xa_ex_1090.mdls,NPC
Maleficent,xa_ex_1091.mdls,NPC
Maleficent,xa_ex_1099.mdls,NPC
Fairy Godmother,xa_ex_1100.mdls,NPC
Fairy Godmother,xa_ex_1109.mdls,NPC
Huey,xa_ex_1110.mdls,NPC
Huey,xa_ex_1119.mdls,NPC
Dewey,xa_ex_1120.mdls,NPC
Dewey,xa_ex_1129.mdls,NPC
Louie,xa_ex_1130.mdls,NPC
Louie,xa_ex_1139.mdls,NPC
Arith,xa_ex_1140.mdls,NPC
Arith,xa_ex_1148.mdls,NPC
Arith,xa_ex_1149.mdls,NPC
Cloud,xa_ex_1150.mdls,NPC
Cloud,xa_ex_1151.mdls,NPC
Cloud,xa_ex_1159.mdls,NPC
Dark Riku,xa_ex_1160.mdls,NPC
Dark Riku,xa_ex_1168.mdls,NPC
Moogle,xa_ex_1200.mdls,NPC
Moogle,xa_ex_1209.mdls,NPC
Pongo (Dalmation),xa_ex_1210.mdls,NPC
Pongo (Damation),xa_ex_1219.mdls,NPC
Perdita (Dalmation),xa_ex_1220.mdls,NPC
Perdita (Dalmation),xa_ex_1229.mdls,NPC
Dalmation,xa_ex_1230.mdls,NPC
Dalmation,xa_ex_1260.mdls,NPC
Dalmation,xa_ex_1269.mdls,NPC
Cid,xa_ex_1540.mdls,NPC
Cid,xa_ex_1549.mdls,NPC
Riku (Soul Eater),xa_ex_1560.mdls,NPC
Riku (Soul Eater),xa_ex_1568.mdls,NPC
Ansem (Riku),xa_ex_1580.mdls,NPC
Ansem (Riku),xa_ex_1588.mdls,NPC
Ansem (Riku),xa_ex_1589.mdls,NPC
Sora (Kid),xa_ex_1590.mdls,NPC
Riku (Kid),xa_ex_1600.mdls,NPC
Kairi (Kid),xa_ex_1610.mdls,NPC
Kairi’s Grandma,xa_ex_1620.mdls,NPC
Ansem (w/Guardian),xa_ex_1630.mdls,NPC
Ansem (w/Guardian),xa_ex_1638.mdls,NPC
Ansem (w/Guardian),xa_ex_1639.mdls,NPC
Ansem (Brown Coat),xa_ex_1640.mdls,NPC
Donald (Angry),xa_ex_1650.mdls,NPC
Heartless Soldier,xa_ex_2010.mdls,Mob
Heartless Soldier,xa_ex_2019.mdls,Mob
Heartless Shadow,xa_ex_2020.mdls,Mob
Heartless Shadow (Halloween Town),xa_ex_2021.mdls,Mob
Heartless Shadow (End of World?),xa_ex_2022.mdls,Mob
Heartless Shadow,xa_ex_2029.mdls,Mob
Heartless Powerwilds (Monkey),xa_ex_2030.mdls,Mob
Heartless Powerwilds (Monkey),xa_ex_2039.mdls,Mob
Heartless Bouncywild (Monkey),xa_ex_2040.mdls,Mob
Heartless Bouncywild (Monkey),xa_ex_2049.mdls,Mob
Heartless Large Body,xa_ex_2050.mdls,Mob
Heartless Large Body,xa_ex_2059.mdls,Mob
Heartless Fat Bandit,xa_ex_2060.mdls,Mob
Heartless Fat Bandit,xa_ex_2069.mdls,Mob
Heartless Sea Neon,xa_ex_2070.mdls,Mob
Heartless Sea Neon,xa_ex_2079.mdls,Mob
Heartless Sheltering Zone,xa_ex_2080.mdls,Mob
Heartless Sheltering Zone,xa_ex_2089.mdls,Mob
Heartless Bandit,xa_ex_2090.mdls,Mob
Heartless Bandit,xa_ex_2099.mdls,Mob
Heartless Pirate,xa_ex_2100.mdls,Mob
Heartless Pirate,xa_ex_2109.mdls,Mob
Heartless Red Nocturne,xa_ex_2110.mdls,Mob
Heartless Red Nocturne,xa_ex_2119.mdls,Mob
Heartless Blue Rhapsody,xa_ex_2120.mdls,Mob
Heartless Blue Rhapsody,xa_ex_2129.mdls,Mob
Heartless Yellow Opera,xa_ex_2130.mdls,Mob
Heartless Yellow Opera,xa_ex_2139.mdls,Mob
Heartless Green Requiem,xa_ex_2140.mdls,Mob
Heartless Green Requiem,xa_ex_2149.mdls,Mob
Heartless Wizard,xa_ex_2150.mdls,Mob
Heartless Wizard (Halloween Town),xa_ex_2151.mdls,Mob
Heartless Wizard,xa_ex_2159.mdls,Mob
Heartless Air Soldier,xa_ex_2160.mdls,Mob
Heartless Air Soldier,xa_ex_2169.mdls,Mob
Heartless Pot Spider (Ligher Red),xa_ex_2170.mdls,Mob
Red Pot (Hidden Pot Spider),xa_ex_2171.mdls,Mob
Heartless Pot Spider (Darker Red),xa_ex_2172.mdls,Mob
Heartless Pot Spider (Lighter Red),xa_ex_2179.mdls,Mob
Heartless Barrel Spider (Lighter Brown),xa_ex_2180.mdls,Mob
Crate (Darker) (Hidden Barrel Spider),xa_ex_2181.mdls,Mob
Heartless Barrel Spider (Darker Brown),xa_ex_2182.mdls,Mob
Crate (Lighter) (Hidden Barrel Spider),xa_ex_2183.mdls,Mob
Heartless Barrel Spider (Ligther Brown),xa_ex_2184.mdls,Mob
Heartless Barrel Spider (Even Lighter Brown? lol),xa_ex_2189.mdls,Mob
Heartless Pot Scorpion,xa_ex_2190.mdls,Mob
Red Pot (Hidden Pot Scorpion?),xa_ex_2191.mdls,Mob
Heartless Pot Scorpion,xa_ex_2199.mdls,Mob
Heartless Wight Knight,xa_ex_2200.mdls,Mob
Heartless Wight Knight (Halloween Town),xa_ex_2201.mdls,Mob
Heartless Wight Knight (Halloween Town),xa_ex_2209.mdls,Mob
Heartless Air Pirate,xa_ex_2210.mdls,Mob
Heartless Air Pirate,xa_ex_2219.mdls,Mob
Heartless Gargoyle,xa_ex_2220.mdls,Mob
Heartless Gargoyle (Halloween Town),xa_ex_2221.mdls,Mob
Heartless Gargoyle (Halloween Town),xa_ex_2229.mdls,Mob
Heartless Search Ghost,xa_ex_2230.mdls,Mob
Heartless Search Ghost (Halloween Town),xa_ex_2231.mdls,Mob
Heartless Search Ghost (Halloween Town),xa_ex_2238.mdls,Mob
Heartless Search Ghost,xa_ex_2239.mdls,Mob
Heartless Aquatank,xa_ex_2240.mdls,Mob
Heartless Aquatank,xa_ex_2249.mdls,Mob
Heartless Screwdiver,xa_ex_2250.mdls,Mob
Heartless Screwdiver,xa_ex_2259.mdls,Mob
Heartless Chimera,xa_ex_2260.mdls,Mob
Heartless Chimera,xa_ex_2269.mdls,Mob
Heartless Battleship,xa_ex_2270.mdls,Mob
Heartless Battleship,xa_ex_2279.mdls,Mob
Heartless Darkball,xa_ex_2280.mdls,Mob
Heartless Darkball (Halloween Town),xa_ex_2281.mdls,Mob
Heartless Darkball (End of World),xa_ex_2282.mdls,Mob
Heartless Darkball,xa_ex_2289.mdls,Mob
Heartless Invisible,xa_ex_2290.mdls,Mob
Heartless Invisible (End of World),xa_ex_2292.mdls,Mob
Heartless Invisible,xa_ex_2299.mdls,Mob
Heartless Behemoth,xa_ex_2310.mdls,Large Boss
Heartless Behemoth (Different Color 1),xa_ex_2311.mdls,Large Boss
Heartless Behemoth (Different Color 2),xa_ex_2312.mdls,Large Boss
Heartless Behemoth (Different Color 2),xa_ex_2317.mdls,Large Boss
Heartless Behemoth (Different Color 1),xa_ex_2318.mdls,Large Boss
Heartless Behemoth,xa_ex_2319.mdls,Large Boss
Heartless Wyvern,xa_ex_2320.mdls,Mob
Heartless Wyvern,xa_ex_2329.mdls,Mob
Heartless Angel Star,xa_ex_2330.mdls,Mob
Heartless Angel Star,xa_ex_2339.mdls,Mob
Heartless Defender,xa_ex_2340.mdls,Mob
Heartless White Mushroom,xa_ex_2349.mdls,Mob
Heartless White Mushroom (Halloween Town),xa_ex_2350.mdls,Mob
Heartless White Mushroom,xa_ex_2352.mdls,Mob
Heartless White Mushroom,xa_ex_2359.mdls,Mob
Heartless Black Fungi,xa_ex_2380.mdls,Mob
Heartless Mushroom (Halloween Town),xa_ex_2381.mdls,Mob
Heartless Black Fungi,xa_ex_2389.mdls,Mob
Heartless Rare Truffles,xa_ex_2390.mdls,Mob
Heartless Rare Truffles (Halloween Town),xa_ex_2391.mdls,Mob
Heartless Rare Truffles,xa_ex_2399.mdls,Mob
Heartless Pot Centipede (Complete),xa_ex_2400.mdls,Mob
Heartless Pink Agaricus,xa_ex_2410.mdls,Mob
Heartless Pink Agaricus,xa_ex_2419.mdls,Mob
Heartless Neoshadow,xa_ex_2420.mdls,Mob
Heartless Neoshadow,xa_ex_2429.mdls,Mob
Heartless Soldier (Color 2),xa_ex_2430.mdls,Mob
Heartless Soldier (Color 2),xa_ex_2439.mdls,Mob
Heartless Shadow,xa_ex_2440.mdls,Mob
Heartless Shadow,xa_ex_2449.mdls,Mob
Heartless Sniperwild (Monkey),xa_ex_2450.mdls,Mob
Heartless Sniperwild (Monkey),xa_ex_2459.mdls,Mob
Heartless Black Ballade,xa_ex_2460.mdls,Mob
Heartless Black Ballade,xa_ex_2469.mdls,Mob
Heartless Search Ghost,xa_ex_2470.mdls,Mob
Heartless Search Ghost,xa_ex_2479.mdls,Mob
Heartless Jet Balloon,xa_ex_2480.mdls,Mob
Heartless Jet Balloon,xa_ex_2489.mdls,Mob
Heartless Missle Diver,xa_ex_2490.mdls,Mob
Sephiroth,xa_ex_3000.mdls,Small Boss
Sephiroth,xa_ex_3008.mdls,Small Boss
Sephiroth,xa_ex_3009.mdls,Small Boss
Xemnas (Enigmatic Man),xa_ex_3010.mdls,Small Boss
Xemnas (Enigmatic Man),xa_ex_3018.mdls,Small Boss
Xemnas (Enigmatic Man),xa_ex_3019.mdls,Small Boss
Hercules,xa_ex_4010.mdls,Small Boss
Hercules,xa_ex_4011.mdls,Small Boss
Hercules,xa_ex_4019.mdls,Small Boss
Dumbo,xa_ex_4029.mdls,Summon
Bambi,xa_ex_4030.mdls,Summon
Bambi,xa_ex_4039.mdls,Summon
Genie,xa_ex_4040.mdls,Summon
Genie,xa_ex_4041.mdls,Summon
Genie,xa_ex_4042.mdls,Summon
Genie,xa_ex_4049.mdls,Summon
Tinkerbell,xa_ex_4050.mdls,Summon
Tinkerbell,xa_ex_4059.mdls,Summon
Mushu,xa_ex_4060.mlds,Summon
Mushu,xa_ex_4069.mdls,Summon
Simba,xa_ex_4070.mdls,Summon
Simba,xa_ex_4079.mdls,Summon
Genie (With Legs),xa_ex_4098.mdls,NPC
Sora (High-Poly),xa_ex_7010.mdls,NPC
Sora (High-Poly),xa_ex_7015.mdls,NPC
Sora (High-Poly),xa_ex_7016.mdls,NPC
Sora (High-Poly),xa_ex_7018.mdls,NPC
Sora (Atlantica) (High-Poly),xa_ex_7050.mdls,NPC
Donald (Classic-outfit) (High-Poly),xa_ex_7070.mdls,NPC
Donald (Wizard) (High-Poly),xa_ex_7080.mdls,NPC
Donald (Atlantica) (High-Poly),xa_ex_7090.mdls,NPC
Goofy (Classic-outfit) (High-Poly),xa_ex_7100.mdls,NPC
Goofy (Knight) (High-Poly),xa_ex_7110.mdls,NPC
Kairi (High-Poly),xa_ex_7140.mdls,NPC
Kairi (High-Poly),xa_ex_7147.mdls,NPC
Kairi (High-Poly),xa_ex_7148.mdls,NPC
Maleficent (High-Poly),xa_ex_7170.mdls,NPC
Maleficent (High-Poly),xa_ex_7178.mdls,NPC
Riku (Wooden Sword) (High-Poly),xa_ex_7190.mdls,NPC
Ansem (Riku) (High-Poly),xa_ex_7210.mdls,NPC
Ansem (Riku) (High-Poly),xa_ex_7215.mdls,NPC
Ansem (Riku) (High-Poly),xa_ex_7216.mdls,NPC
Ansem (Riku) (High-Poly),xa_ex_7218.mdls,NPC
Ansem (High-Poly),xa_ex_7228.mdls,NPC
Donald (High-Poly),xa_ex_7230.mdls,NPC
Goofy (High-Poly),xa_ex_7240.mdls,NPC
Phil,xa_he_1000.mdls,NPC
Phil,xa_he_1009.mdls,NPC
Hades,xa_he_1010.mdls,Small Boss
Hades,xa_he_1011.mdls,Small Boss
Hades,xa_he_1019.mdls,Small Boss
Sephiroth Feather,xa_he_1030.mdls,Object
Unknown Object,xa_he_1040.mdls,Object
Rock Titan,xa_he_3000.mdls,Large Boss
Rock Titan,xa_he_3009.mdls,Large Boss
Ice Titan,xa_he_3010.mdls,Large Boss
Ice Titan,xa_he_3019.mdls,Large Boss
Cerberus,xa_he_3020.mdls,Large Boss
Cerberus,xa_he_3021.mdls,Large Boss
Cerberus,xa_he_3029.mdls,Large Boss
Hades (High-Poly),xa_eh_7000.mdls,NPC
Sora (Atlantica),xa_lm_0000.mdls,Player
Donald (Atlantica),xa_lm_0010.mdls,Party Member
Goofy (Atlantica),xa_lm_0020.mdls,Party Member
Aerial,xa_lm_0030.mdls,Party Member
Aerial,xa_lm_0039.mdls,Party Member
King Triton,xa_lm_1000.mdls,NPC
King Triton,xa_lm_1009.mdls,NPC
Sebastian,xa_lm_1010.mdls,NPC
Sebastian,xa_lm_1019.mdls,NPC
Flounder,xa_lm_1020.mdls,NPC
Flounder,xa_lm_1029.mdls,NPC
Fish,xa_lm_1040.mdls,NPC
Ursula,xa_lm_1050.mdls,Small Boss
Ursula,xa_lm_1059.mdls,Small Boss
Ursula Big (Boss),xa_lm_3000.mdls,Small Boss
Flotsam / Jetsam,xa_lm_3010.mdls,Mob
Flotsam / Jetsam,xa_lm_3020.mdls,Mob
Flotsam / Jetsam,xa_lm_3029.mdls,Mob
Shark,xa_lm_3030.mdls,Small Boss
Ursula Big (Tenticles) (Boss),xa_lm_3040.mdls,Gimmick
Ariel (High-Poly),xa_lm_7000.mdls,NPC
King Triton (High-Poly),xa_lm_7010.mdls,NPC
Ursula (High-Poly),xa_lm_7020.mdls,NPC
Sora (Halloween Town),xa_nm_0000.mdls,Player
Donald (Halloween Town),xa_nm_0010.mdls,Party Member
Donald (Halloween Town),xa_nm_0018.mdls,Party Member
Goofy (Halloween Town),xa_nm_0020.mdls,Party Member
Goofy (Halloween Town),xa_nm_0028.mdls,Party Member
Jack Skellington,xa_nm_0030.mdls,Party Member
Jack Skellington,xa_nm_0031.mdls,Party Member
Jack Skellington,xa_nm_0038.mdls,Party Member
Jack Skellington,xa_nm_0039.mdls,Party Member
Sally,xa_nm_1000.mdls,NPC
Sally,xa_nm_1008.mdls,NPC
Sally,xa_nm_1009.mdls,NPC
Zero,xa_nm_1010.mdls,NPC
Zero,xa_nm_1019.mdls,NPC
Dr. Finkelstein,xa_nm_1028.mdls,NPC
Dr. Finkelstein,xa_nm_1029.mdls,NPC
Lock,xa_nm_1030.mdls,Small Boss
Lock,xa_nm_1031.mdls,Small Boss
Lock,xa_nm_1038.mdls,Small Boss
Lock,xa_nm_1039.mdls,Small Boss
Shock,xa_nm_1040.mdls,Small Boss
Shock,xa_nm_1041.mdls,Small Boss
Shock,xa_nm_1048.mdls,Small Boss
Shock,xa_nm_1049.mdls,Small Boss
Barrel,xa_nm_1050.mdls,Small Boss
Barrel,xa_nm_1051.mdls,Small Boss
Barrel,xa_nm_1058.mdls,Small Boss
Barrel,xa_nm_1059.mdls,Small Boss
Mayor of Halloween Town,xa_nm_1060.mdls,NPC
Mayor of Halloween Town,xa_nm_1068.mdls,NPC
Mayor of Halloween Town,xa_nm_1069.mdls,NPC
Ghost Prop?,xa_nm_1090.mdls,Object
Oogie Boogie,xa_nm_3000.mdls,NPC
Oogie Boogie,xa_nm_3008.mdls,NPC
Oogie Boogie,xa_nm_3009.mdls,NPC
Oogie Boogie (Boss from Manor),xa_nm_3010.mdls,Small Boss
Oogie Boogie Piece (Boss from Manor?),xa_nm_3020.mdls,Gimmick
Oogie Boogie Piece (Boss from Manor?),xa_nm_3030.mdls,Gimmick
Jack Skellington (High-Poly),xa_nm_7000.mdls,NPC
Ooogie Boogie (High-Poly) (Dice in hands),xa_nm_7010.mdls,NPC
The Beast,xa_pc_0000.mdls,Party Member
The Beast,xa_pc_0005.mdls,Party Member
The Beast,xa_pc_0006.mdls,Party Member
The Beast,xa_pc_0007.mdls,Party Member
The Beast,xa_pc_0008.mdls,Party Member
The Beast,xa_pc_0009.mdls,Party Member
Belle,xa_pc_1000.mdls,NPC
Belle,xa_pc_1008.mdls,NPC
Belle,xa_pc_1009.mdls,NPC
Aurora,xa_pc_1010.mdls,NPC
Aurora,xa_pc_1018.mdls,NPC
Alice,xa_pc_1019.mdls,NPC
Alice,xa_pc_1020.mdls,NPC
Alice,xa_pc_1028.mdls,NPC
Alice,xa_pc_1029.mdls,NPC
Cinderella,xa_pc_1030.mdls,NPC
Cinderella,xa_pc_1038.mdls,NPC
Cinderella,xa_pc_1039.mdls,NPC
Snow White,xa_pc_1040.mdls,NPC
Snow White,xa_pc_1048.mdls,NPC
Snow White,xa_pc_1049.mdls,NPC
Maleficent (Dragon),xa_pc_3000.mdls,Large Boss
Maleficent (Dragon),xa_pc_3009.mdls,Large Boss
Chernabog,xa_pc_3020.mdls,Large Boss
Pinocchio,xa_pi_1000.mdls,NPC
Pinocchio,xa_pi_1008.mdls,NPC
Pinocchio,xa_pi_1009.mdls,NPC
Geppetto,xa_pi_1010.mdls,NPC
Geppetto,xa_pi_1019.mdls,NPC
Pinocchio (Human),xa_pi_1020.mdls,NPC
Parasite Cage,xa_pi_3000.mdls,Large Boss
Parasite Cage,xa_pi_3009.mdls,Large Boss
Pinocchio (High-Poly),xa_pi_7000.mdls,NPC
Pooh Bear,xa_po_0000.mdls,NPC
Pooh Bear,xa_po_0009.mdls,NPC
Tigger,xa_po_1000.mdls,NPC
Tigger,xa_po_1009.mdls,NPC
Piglet,xa_po_1010.mdls,NPC
Piglet,xa_po_1019.mdls,NPC
Eeyore,xa_po_1020.mdls,NPC
Eeyore,xa_po_1029.mdls,NPC
Rabbit,xa_po_1030.mdls,NPC
Rabbit,xa_po_1039.mdls,NPC
Owl,xa_po_1040.mdls,NPC
Owl,xa_po_1049.mdls,NPC
Roo,xa_po_1050.mdls,NPC
Roo,xa_po_1059.mdls,NPC
Pooh Bear (High-Poly),xa_po_7000.mdls,NPC
Peter Pan,xa_pp_0000.mdls,Party Member
Peter Pan,xa_pp_0008.mdls,Party Member
Peter Pan,xa_pp_0009.mdls,Party Member
Wendy,xa_pp_1010.mdls,NPC
Wendy,xa_pp_1019.mdls,NPC
Smee,xa_pp_1020.mdls,NPC
Smee,xa_pp_1029.mdls,NPC
Crocodile,xa_pp_1040.mdls,NPC
Crocodile,xa_pp_1049.mdls,NPC
Captain Hook,xa_pp_3000.mdls,Small Boss
Captain Hook,xa_pp_3001.mdls,Small Boss
Captain Hook,xa_pp_3009.mdls,Small Boss
Phantom,xa_pp_3010.mdls,Small Boss
Phantom,xa_pp_3019.mdls,Small Boss
Shadow Sora,xa_pp_3020.mdls,Small Boss
Shadow Sora (With Keyblade),xa_pp_3030.mdls,Small Boss
Peter Pan (High-Poly),xa_pp_7000.mdls,NPC
Peter Pan (High-Poly),xa_pp_7008.mdls,NPC
Captain Hook (High-Poly),xa_pp_7010.mdls,NPC
Traverse Town NPC / Shopkeeper,xa_tw_1000.mdls,NPC
Traverse Town NPC,xa_tw_1010.mdls,NPC
Traverse Town NPC,xa_tw_1030.mdls,NPC
Traverse Town NPC,xa_tw_1040.mdls,NPC
Merlin,xa_tw_1050.mdls,NPC
Merlin,xa_tw_1059.mdls,NPC
Kairi Good Luck Charm,xa_tw_1060.mdls,NPC
Magic Chair,xa_tw_2010.mdls,NPC
Magic Table,xa_tw_2020.mdls,NPC
Magic Dresser,xa_tw_2030.mdls,NPC
Magic Teapot,xa_tw_2040.mdls,NPC
Heartless Guard Armor,xa_tw_3000.mdls,Large Boss
Heartless Guard Armor,xa_tw_3009.mdls,Large Boss
Heartless Guard Armor,xa_tw_3010.mdls,Large Boss
Heartless Guard Armor,xa_tw_3019.mdls,Large Boss
Heartless Guard Armor (Pink),xa_tw_3020.mdls,Large Boss
Heartless Guard Armor (Pink),xa_tw_3029.mdls,Large Boss
Tarzan,xa_tz_0030.mdls,Party Member
Tarzan,xa_tz_0039.mdls,Party Member
Jane,xa_tz_1000.mdls,NPC
Jane,xa_tz_1009.mdls,NPC
Terk,xa_tz_1010.mdls,NPC
Terk,xa_tz_1019.mdls,NPC
Kala,xa_tz_1030.mdls,NPC
Kala,xa_tz_1039.mdls,NPC
Kerjack,xa_tz_1040.mdls,NPC
Kerjack,xa_tz_1049.mdls,NPC
NPC Gorilla,xa_tz_1050.mdls,NPC
Sabor,xa_tz_3000.mdls,Small Boss
Sabor,xa_tz_3009.mdls,Small Boss
Clayton,xa_tz_3010.mdls,Small Boss
Clayton,xa_tz_3011.mdls,Small Boss
Clayton,xa_tz_3019.mdls,Small Boss
Clayton and Stealth Sneak (Chameleon),xa_tz_3020.mdls,Large Boss
Clayton and Stealth Sneak (Chameleon),xa_tz_3029.mdls,Large Boss
Clayton and Stealth Sneak (Chameleon) (Black),xa_tz_3040.mdls,Large Boss
Clayton and Stealth Sneak (Chameleon) (Black),xa_tz_3049.mdls,Large Boss
Tarzan (High-Poly),xa_tz_7000.mdls,NPC
Clayton (High-Poly),xa_tz_7010.mdls,NPC
