Shop,Version,Shop Slot,EGS Address,Steam Address,Value (HEX),Value (DEC),Type
Gummi Shop,1,-,4FFA60,4FEAB0,17 00 00 00,23,Number of Items in Store
Gummi Shop,1,1,4FFA64,4FEAB4,04 00 00 00,4,Item
Gummi Shop,1,2,4FFA68,4FEAB8,05 00 00 00,5,Item
Gummi Shop,1,3,4FFA6C,4FEABC,09 00 00 00,9,Item
Gummi Shop,1,4,4FFA70,4FEAC0,0A 00 00 00,10,Item
Gummi Shop,1,5,4FFA74,4FEAC4,0B 00 00 00,11,Item
Gummi Shop,1,6,4FFA78,4FEAC8,0C 00 00 00,12,Item
Gummi Shop,1,7,4FFA7C,4FEACC,0D 00 00 00,13,Item
Gummi Shop,1,8,4FFA80,4FEAD0,0E 00 00 00,14,Item
Gummi Shop,1,9,4FFA84,4FEAD4,0F 00 00 00,15,Item
Gummi Shop,1,10,4FFA88,4FEAD8,10 00 00 00,16,Item
Gummi Shop,1,11,4FFA8C,4FEADC,21 00 00 00,33,Item
Gummi Shop,1,12,4FFA90,4FEAE0,22 00 00 00,34,Item
Gummi Shop,1,13,4FFA94,4FEAE4,29 00 00 00,41,Item
Gummi Shop,1,14,4FFA98,4FEAE8,2A 00 00 00,42,Item
Gummi Shop,1,15,4FFA9C,4FEAEC,2B 00 00 00,43,Item
Gummi Shop,1,16,4FFAA0,4FEAF0,32 00 00 00,50,Item
Gummi Shop,1,17,4FFAA4,4FEAF4,34 00 00 00,52,Item
Gummi Shop,1,18,4FFAA8,4FEAF8,38 00 00 00,56,Item
Gummi Shop,1,19,4FFAAC,4FEAFC,39 00 00 00,57,Item
Gummi Shop,1,20,4FFAB0,4FEB00,3A 00 00 00,58,Item
Gummi Shop,1,21,4FFAB4,4FEB04,3D 00 00 00,61,Item
Gummi Shop,1,22,4FFAB8,4FEB08,40 00 00 00,64,Item
Gummi Shop,1,23,4FFABC,4FEB0C,45 00 00 00,69,Item
Gummi Shop,1,24,4FFAC0,4FEB10,00 00 00 00,0,Item
Gummi Shop,1,25,4FFAC4,4FEB14,00 00 00 00,0,Item
Gummi Shop,1,26,4FFAC8,4FEB18,00 00 00 00,0,Item
Gummi Shop,1,27,4FFACC,4FEB1C,00 00 00 00,0,Item
Gummi Shop,1,28,4FFAD0,4FEB20,00 00 00 00,0,Item
Gummi Shop,1,29,4FFAD4,4FEB24,00 00 00 00,0,Item
Gummi Shop,1,30,4FFAD8,4FEB28,00 00 00 00,0,Item
Gummi Shop,1,31,4FFADC,4FEB2C,00 00 00 00,0,Item
Gummi Shop,1,32,4FFAE0,4FEB30,00 00 00 00,0,Item
Gummi Shop,1,33,4FFAE4,4FEB34,00 00 00 00,0,Item
Gummi Shop,1,34,4FFAE8,4FEB38,00 00 00 00,0,Item
Gummi Shop,1,35,4FFAEC,4FEB3C,00 00 00 00,0,Item
Gummi Shop,1,36,4FFAF0,4FEB40,00 00 00 00,0,Item
Gummi Shop,1,37,4FFAF4,4FEB44,00 00 00 00,0,Item
Gummi Shop,1,38,4FFAF8,4FEB48,00 00 00 00,0,Item
Gummi Shop,1,39,4FFAFC,4FEB4C,00 00 00 00,0,Item
Gummi Shop,1,40,4FFB00,4FEB50,00 00 00 00,0,Item
Gummi Shop,1,41,4FFB04,4FEB54,00 00 00 00,0,Item
Gummi Shop,1,42,4FFB08,4FEB58,00 00 00 00,0,Item
Gummi Shop,1,43,4FFB0C,4FEB5C,00 00 00 00,0,Item
Gummi Shop,1,44,4FFB10,4FEB60,00 00 00 00,0,Item
Gummi Shop,1,45,4FFB14,4FEB64,00 00 00 00,0,Item
Gummi Shop,1,46,4FFB18,4FEB68,00 00 00 00,0,Item
Gummi Shop,1,47,4FFB1C,4FEB6C,00 00 00 00,0,Item
Gummi Shop,1,48,4FFB20,4FEB70,00 00 00 00,0,Item
Gummi Shop,2,-,4FFB34,4FEB84,1E 00 00 00,30,Number of Items in Store
Gummi Shop,2,1,4FFB38,4FEB88,01 00 00 00,1,Item
Gummi Shop,2,2,4FFB3C,4FEB8C,04 00 00 00,4,Item
Gummi Shop,2,3,4FFB40,4FEB90,05 00 00 00,5,Item
Gummi Shop,2,4,4FFB44,4FEB94,06 00 00 00,6,Item
Gummi Shop,2,5,4FFB48,4FEB98,09 00 00 00,9,Item
Gummi Shop,2,6,4FFB4C,4FEB9C,0A 00 00 00,10,Item
Gummi Shop,2,7,4FFB50,4FEBA0,0B 00 00 00,11,Item
Gummi Shop,2,8,4FFB54,4FEBA4,0C 00 00 00,12,Item
Gummi Shop,2,9,4FFB58,4FEBA8,0D 00 00 00,13,Item
Gummi Shop,2,10,4FFB5C,4FEBAC,0E 00 00 00,14,Item
Gummi Shop,2,11,4FFB60,4FEBB0,0F 00 00 00,15,Item
Gummi Shop,2,12,4FFB64,4FEBB4,10 00 00 00,16,Item
Gummi Shop,2,13,4FFB68,4FEBB8,21 00 00 00,33,Item
Gummi Shop,2,14,4FFB6C,4FEBBC,22 00 00 00,34,Item
Gummi Shop,2,15,4FFB70,4FEBC0,29 00 00 00,41,Item
Gummi Shop,2,16,4FFB74,4FEBC4,2A 00 00 00,42,Item
Gummi Shop,2,17,4FFB78,4FEBC8,2B 00 00 00,43,Item
Gummi Shop,2,18,4FFB7C,4FEBCC,2C 00 00 00,44,Item
Gummi Shop,2,19,4FFB80,4FEBD0,2D 00 00 00,45,Item
Gummi Shop,2,20,4FFB84,4FEBD4,32 00 00 00,50,Item
Gummi Shop,2,21,4FFB88,4FEBD8,34 00 00 00,52,Item
Gummi Shop,2,22,4FFB8C,4FEBDC,36 00 00 00,54,Item
Gummi Shop,2,23,4FFB90,4FEBE0,38 00 00 00,56,Item
Gummi Shop,2,24,4FFB94,4FEBE4,39 00 00 00,57,Item
Gummi Shop,2,25,4FFB98,4FEBE8,3A 00 00 00,58,Item
Gummi Shop,2,26,4FFB9C,4FEBEC,3D 00 00 00,61,Item
Gummi Shop,2,27,4FFBA0,4FEBF0,40 00 00 00,64,Item
Gummi Shop,2,28,4FFBA4,4FEBF4,42 00 00 00,66,Item
Gummi Shop,2,29,4FFBA8,4FEBF8,45 00 00 00,69,Item
Gummi Shop,2,30,4FFBAC,4FEBFC,46 00 00 00,70,Item
Gummi Shop,2,31,4FFBB0,4FEC00,00 00 00 00,0,Item
Gummi Shop,2,32,4FFBB4,4FEC04,00 00 00 00,0,Item
Gummi Shop,2,33,4FFBB8,4FEC08,00 00 00 00,0,Item
Gummi Shop,2,34,4FFBBC,4FEC0C,00 00 00 00,0,Item
Gummi Shop,2,35,4FFBC0,4FEC10,00 00 00 00,0,Item
Gummi Shop,2,36,4FFBC4,4FEC14,00 00 00 00,0,Item
Gummi Shop,2,37,4FFBC8,4FEC18,00 00 00 00,0,Item
Gummi Shop,2,38,4FFBCC,4FEC1C,00 00 00 00,0,Item
Gummi Shop,2,39,4FFBD0,4FEC20,00 00 00 00,0,Item
Gummi Shop,2,40,4FFBD4,4FEC24,00 00 00 00,0,Item
Gummi Shop,2,41,4FFBD8,4FEC28,00 00 00 00,0,Item
Gummi Shop,2,42,4FFBDC,4FEC2C,00 00 00 00,0,Item
Gummi Shop,2,43,4FFBE0,4FEC30,00 00 00 00,0,Item
Gummi Shop,2,44,4FFBE4,4FEC34,00 00 00 00,0,Item
Gummi Shop,2,45,4FFBE8,4FEC38,00 00 00 00,0,Item
Gummi Shop,2,46,4FFBEC,4FEC3C,00 00 00 00,0,Item
Gummi Shop,2,47,4FFBF0,4FEC40,00 00 00 00,0,Item
Gummi Shop,2,48,4FFBF4,4FEC44,00 00 00 00,0,Item
Gummi Shop,3,-,4FFC08,4FEC58,20 00 00 00,32,Number of Items in Store
Gummi Shop,3,1,4FFC0C,4FEC5C,01 00 00 00,1,Item
Gummi Shop,3,2,4FFC10,4FEC60,04 00 00 00,4,Item
Gummi Shop,3,3,4FFC14,4FEC64,05 00 00 00,5,Item
Gummi Shop,3,4,4FFC18,4FEC68,06 00 00 00,6,Item
Gummi Shop,3,5,4FFC1C,4FEC6C,09 00 00 00,9,Item
Gummi Shop,3,6,4FFC20,4FEC70,0A 00 00 00,10,Item
Gummi Shop,3,7,4FFC24,4FEC74,0B 00 00 00,11,Item
Gummi Shop,3,8,4FFC28,4FEC78,0C 00 00 00,12,Item
Gummi Shop,3,9,4FFC2C,4FEC7C,0D 00 00 00,13,Item
Gummi Shop,3,10,4FFC30,4FEC80,0E 00 00 00,14,Item
Gummi Shop,3,11,4FFC34,4FEC84,0F 00 00 00,15,Item
Gummi Shop,3,12,4FFC38,4FEC88,10 00 00 00,16,Item
Gummi Shop,3,13,4FFC3C,4FEC8C,21 00 00 00,33,Item
Gummi Shop,3,14,4FFC40,4FEC90,22 00 00 00,34,Item
Gummi Shop,3,15,4FFC44,4FEC94,29 00 00 00,41,Item
Gummi Shop,3,16,4FFC48,4FEC98,2A 00 00 00,42,Item
Gummi Shop,3,17,4FFC4C,4FEC9C,2B 00 00 00,43,Item
Gummi Shop,3,18,4FFC50,4FECA0,2C 00 00 00,44,Item
Gummi Shop,3,19,4FFC54,4FECA4,2D 00 00 00,45,Item
Gummi Shop,3,20,4FFC58,4FECA8,32 00 00 00,50,Item
Gummi Shop,3,21,4FFC5C,4FECAC,34 00 00 00,52,Item
Gummi Shop,3,22,4FFC60,4FECB0,36 00 00 00,54,Item
Gummi Shop,3,23,4FFC64,4FECB4,38 00 00 00,56,Item
Gummi Shop,3,24,4FFC68,4FECB8,39 00 00 00,57,Item
Gummi Shop,3,25,4FFC6C,4FECBC,3A 00 00 00,58,Item
Gummi Shop,3,26,4FFC70,4FECC0,3D 00 00 00,61,Item
Gummi Shop,3,27,4FFC74,4FECC4,40 00 00 00,64,Item
Gummi Shop,3,28,4FFC78,4FECC8,41 00 00 00,65,Item
Gummi Shop,3,29,4FFC7C,4FECCC,42 00 00 00,66,Item
Gummi Shop,3,30,4FFC80,4FECD0,43 00 00 00,67,Item
Gummi Shop,3,31,4FFC84,4FECD4,45 00 00 00,69,Item
Gummi Shop,3,32,4FFC88,4FECD8,46 00 00 00,70,Item
Gummi Shop,3,33,4FFC8C,4FECDC,00 00 00 00,0,Item
Gummi Shop,3,34,4FFC90,4FECE0,00 00 00 00,0,Item
Gummi Shop,3,35,4FFC94,4FECE4,00 00 00 00,0,Item
Gummi Shop,3,36,4FFC98,4FECE8,00 00 00 00,0,Item
Gummi Shop,3,37,4FFC9C,4FECEC,00 00 00 00,0,Item
Gummi Shop,3,38,4FFCA0,4FECF0,00 00 00 00,0,Item
Gummi Shop,3,39,4FFCA4,4FECF4,00 00 00 00,0,Item
Gummi Shop,3,40,4FFCA8,4FECF8,00 00 00 00,0,Item
Gummi Shop,3,41,4FFCAC,4FECFC,00 00 00 00,0,Item
Gummi Shop,3,42,4FFCB0,4FED00,00 00 00 00,0,Item
Gummi Shop,3,43,4FFCB4,4FED04,00 00 00 00,0,Item
Gummi Shop,3,44,4FFCB8,4FED08,00 00 00 00,0,Item
Gummi Shop,3,45,4FFCBC,4FED0C,00 00 00 00,0,Item
Gummi Shop,3,46,4FFCC0,4FED10,00 00 00 00,0,Item
Gummi Shop,3,47,4FFCC4,4FED14,00 00 00 00,0,Item
Gummi Shop,3,48,4FFCC8,4FED18,00 00 00 00,0,Item
Gummi Shop,4,-,4FFCDC,4FED2C,20 00 00 00,32,Number of Items in Store
Gummi Shop,4,1,4FFCE0,4FED30,01 00 00 00,1,Item
Gummi Shop,4,2,4FFCE4,4FED34,04 00 00 00,4,Item
Gummi Shop,4,3,4FFCE8,4FED38,05 00 00 00,5,Item
Gummi Shop,4,4,4FFCEC,4FED3C,06 00 00 00,6,Item
Gummi Shop,4,5,4FFCF0,4FED40,09 00 00 00,9,Item
Gummi Shop,4,6,4FFCF4,4FED44,0A 00 00 00,10,Item
Gummi Shop,4,7,4FFCF8,4FED48,0B 00 00 00,11,Item
Gummi Shop,4,8,4FFCFC,4FED4C,0C 00 00 00,12,Item
Gummi Shop,4,9,4FFD00,4FED50,0D 00 00 00,13,Item
Gummi Shop,4,10,4FFD04,4FED54,0E 00 00 00,14,Item
Gummi Shop,4,11,4FFD08,4FED58,0F 00 00 00,15,Item
Gummi Shop,4,12,4FFD0C,4FED5C,10 00 00 00,16,Item
Gummi Shop,4,13,4FFD10,4FED60,21 00 00 00,33,Item
Gummi Shop,4,14,4FFD14,4FED64,22 00 00 00,34,Item
Gummi Shop,4,15,4FFD18,4FED68,29 00 00 00,41,Item
Gummi Shop,4,16,4FFD1C,4FED6C,2A 00 00 00,42,Item
Gummi Shop,4,17,4FFD20,4FED70,2B 00 00 00,43,Item
Gummi Shop,4,18,4FFD24,4FED74,2C 00 00 00,44,Item
Gummi Shop,4,19,4FFD28,4FED78,2D 00 00 00,45,Item
Gummi Shop,4,20,4FFD2C,4FED7C,32 00 00 00,50,Item
Gummi Shop,4,21,4FFD30,4FED80,34 00 00 00,52,Item
Gummi Shop,4,22,4FFD34,4FED84,36 00 00 00,54,Item
Gummi Shop,4,23,4FFD38,4FED88,38 00 00 00,56,Item
Gummi Shop,4,24,4FFD3C,4FED8C,39 00 00 00,57,Item
Gummi Shop,4,25,4FFD40,4FED90,3A 00 00 00,58,Item
Gummi Shop,4,26,4FFD44,4FED94,3D 00 00 00,61,Item
Gummi Shop,4,27,4FFD48,4FED98,40 00 00 00,64,Item
Gummi Shop,4,28,4FFD4C,4FED9C,41 00 00 00,65,Item
Gummi Shop,4,29,4FFD50,4FEDA0,42 00 00 00,66,Item
Gummi Shop,4,30,4FFD54,4FEDA4,43 00 00 00,67,Item
Gummi Shop,4,31,4FFD58,4FEDA8,45 00 00 00,69,Item
Gummi Shop,4,32,4FFD5C,4FEDAC,46 00 00 00,70,Item
Gummi Shop,4,33,4FFD60,4FEDB0,00 00 00 00,0,Item
Gummi Shop,4,34,4FFD64,4FEDB4,00 00 00 00,0,Item
Gummi Shop,4,35,4FFD68,4FEDB8,00 00 00 00,0,Item
Gummi Shop,4,36,4FFD6C,4FEDBC,00 00 00 00,0,Item
Gummi Shop,4,37,4FFD70,4FEDC0,00 00 00 00,0,Item
Gummi Shop,4,38,4FFD74,4FEDC4,00 00 00 00,0,Item
Gummi Shop,4,39,4FFD78,4FEDC8,00 00 00 00,0,Item
Gummi Shop,4,40,4FFD7C,4FEDCC,00 00 00 00,0,Item
Gummi Shop,4,41,4FFD80,4FEDD0,00 00 00 00,0,Item
Gummi Shop,4,42,4FFD84,4FEDD4,00 00 00 00,0,Item
Gummi Shop,4,43,4FFD88,4FEDD8,00 00 00 00,0,Item
Gummi Shop,4,44,4FFD8C,4FEDDC,00 00 00 00,0,Item
Gummi Shop,4,45,4FFD90,4FEDE0,00 00 00 00,0,Item
Gummi Shop,4,46,4FFD94,4FEDE4,00 00 00 00,0,Item
Gummi Shop,4,47,4FFD98,4FEDE8,00 00 00 00,0,Item
Gummi Shop,4,48,4FFD9C,4FEDEC,00 00 00 00,0,Item
