Reward Index,EGS Address,Steam Address,Value (HEX),Value,Notes
1,5483A0,5476C0,EC,236,Item Required
1,5483A2,5476C2,01,1,Amount Required
2,5483A4,5476C4,EE,238,Item Required
2,5483A6,5476C6,01,1,Amount Required
3,5483A8,5476C8,FD,253,Item Required
3,5483AA,5476CA,04,4,Amount Required
4,5483AC,5476CC,E9,233,Item Required
4,5483AE,5476CE,01,1,Amount Required
5,5483B0,5476D0,F8,248,Item Required
5,5483B2,5476D2,01,1,Amount Required
6,5483B4,5476D4,EC,236,Item Required
6,5483B6,5476D6,02,2,Amount Required
7,5483B8,5476D8,F8,248,Item Required
7,5483BA,5476DA,01,1,Amount Required
8,5483BC,5476DC,EE,238,Item Required
8,5483BE,5476DE,02,2,Amount Required
9,5483C0,5476E0,E9,233,Item Required
9,5483C2,5476E2,01,1,Amount Required
10,5483C4,5476E4,F1,241,Item Required
10,5483C6,5476E6,03,3,Amount Required
11,5483C8,5476E8,F3,243,Item Required
11,5483CA,5476EA,03,3,Amount Required
12,5483CC,5476EC,F5,245,Item Required
12,5483CE,5476EE,03,3,Amount Required
13,5483D0,5476F0,09,9,Item Required
13,5483D2,5476F2,01,1,Amount Required
14,5483D4,5476F4,0A,10,Item Required
14,5483D6,5476F6,01,1,Amount Required
15,5483D8,5476F8,9D,157,Item Required
15,5483DA,5476FA,01,1,Amount Required
16,5483DC,5476FC,9B,155,Item Required
16,5483DE,5476FE,01,1,Amount Required
17,5483E0,547700,9C,156,Item Required
17,5483E2,547702,03,3,Amount Required
18,5483E4,547704,F1,241,Item Required
18,5483E6,547706,01,1,Amount Required
19,5483E8,547708,F3,243,Item Required
19,5483EA,54770A,01,1,Amount Required
20,5483EC,54770C,F5,245,Item Required
20,5483EE,54770E,01,1,Amount Required
21,5483F0,547710,FE,254,Item Required
21,5483F2,547712,02,2,Amount Required
22,5483F4,547714,F8,248,Item Required
22,5483F6,547716,03,3,Amount Required
23,5483F8,547718,F3,243,Item Required
23,5483FA,54771A,01,1,Amount Required
24,5483FC,54771C,FD,253,Item Required
24,5483FE,54771E,03,3,Amount Required
25,548400,547720,F5,245,Item Required
25,548402,547722,03,3,Amount Required
26,548404,547724,F9,249,Item Required
26,548406,547726,01,1,Amount Required
27,548408,547728,F1,241,Item Required
27,54840A,54772A,03,3,Amount Required
28,54840C,54772C,ED,237,Item Required
28,54840E,54772E,01,1,Amount Required
29,548410,547730,F2,242,Item Required
29,548412,547732,03,3,Amount Required
30,548414,547734,F4,244,Item Required
30,548416,547736,03,3,Amount Required
31,548418,547738,F6,246,Item Required
31,54841A,54773A,03,3,Amount Required
32,54841C,54773C,0C,12,Item Required
32,54841E,54773E,01,1,Amount Required
33,548420,547740,0D,13,Item Required
33,548422,547742,01,1,Amount Required
34,548424,547744,0E,14,Item Required
34,548426,547746,01,1,Amount Required
35,548428,547748,FE,254,Item Required
35,54842A,54774A,05,5,Amount Required
36,54842C,54774C,FF,255,Item Required
36,54842E,54774E,03,3,Amount Required
37,548430,547750,F2,242,Item Required
37,548432,547752,02,2,Amount Required
38,548434,547754,F4,244,Item Required
38,548436,547756,02,2,Amount Required
39,548438,547758,F6,246,Item Required
39,54843A,54775A,02,2,Amount Required
40,54843C,54775C,FE,254,Item Required
40,54843E,54775E,04,4,Amount Required
41,548440,547760,EA,234,Item Required
41,548442,547762,02,2,Amount Required
42,548444,547764,F9,249,Item Required
42,548446,547766,02,2,Amount Required
43,548448,547768,EC,236,Item Required
43,54844A,54776A,05,5,Amount Required
44,54844C,54776C,ED,237,Item Required
44,54844E,54776E,03,3,Amount Required
45,548450,547770,09,9,Item Required
45,548452,547772,01,1,Amount Required
46,548454,547774,E9,233,Item Required
46,548456,547776,05,5,Amount Required
47,548458,547778,EA,234,Item Required
47,54845A,54777A,03,3,Amount Required
48,54845C,54777C,0E,14,Item Required
48,54845E,54777E,01,1,Amount Required
49,548460,547780,EE,238,Item Required
49,548462,547782,05,5,Amount Required
50,548464,547784,EF,239,Item Required
50,548466,547786,03,3,Amount Required
51,548468,547788,0A,10,Item Required
51,54846A,54778A,01,1,Amount Required
52,54846C,54778C,FD,253,Item Required
52,54846E,54778E,05,5,Amount Required
53,548470,547790,9D,157,Item Required
53,548472,547792,01,1,Amount Required
54,548474,547794,FB,251,Item Required
54,548476,547796,01,1,Amount Required
55,548478,547798,F0,240,Item Required
55,54847A,54779A,01,1,Amount Required
56,54847C,54779C,F7,247,Item Required
56,54847E,54779E,01,1,Amount Required
57,548480,5477A0,FA,250,Item Required
57,548482,5477A2,02,2,Amount Required
58,548484,5477A4,FF,255,Item Required
58,548486,5477A6,03,3,Amount Required
59,548488,5477A8,E9,233,Item Required
59,54848A,5477AA,03,3,Amount Required
60,54848C,5477AC,F8,248,Item Required
60,54848E,5477AE,03,3,Amount Required
61,548490,5477B0,F9,249,Item Required
61,548492,5477B2,02,2,Amount Required
62,548494,5477B4,F0,240,Item Required
62,548496,5477B6,01,1,Amount Required
63,548498,5477B8,FF,255,Item Required
63,54849A,5477BA,05,5,Amount Required
64,54849C,5477BC,EA,234,Item Required
64,54849E,5477BE,03,3,Amount Required
65,5484A0,5477C0,EB,235,Item Required
65,5484A2,5477C2,01,1,Amount Required
66,5484A4,5477C4,FA,250,Item Required
66,5484A6,5477C6,01,1,Amount Required
67,5484A8,5477C8,EF,239,Item Required
67,5484AA,5477CA,05,5,Amount Required
68,5484AC,5477CC,FB,251,Item Required
68,5484AE,5477CE,03,3,Amount Required
69,5484B0,5477D0,F7,247,Item Required
69,5484B2,5477D2,01,1,Amount Required
70,5484B4,5477D4,F1,241,Item Required
70,5484B6,5477D6,05,5,Amount Required
71,5484B8,5477D8,F3,243,Item Required
71,5484BA,5477DA,05,5,Amount Required
72,5484BC,5477DC,F5,245,Item Required
72,5484BE,5477DE,05,5,Amount Required
73,5484C0,5477E0,FB,251,Item Required
73,5484C2,5477E2,01,1,Amount Required
74,5484C4,5477E4,9C,156,Item Required
74,5484C6,5477E6,03,3,Amount Required
75,5484C8,5477E8,EB,235,Item Required
75,5484CA,5477EA,05,5,Amount Required
76,5484CC,5477EC,F0,240,Item Required
76,5484CE,5477EE,01,1,Amount Required
77,5484D0,5477F0,F7,247,Item Required
77,5484D2,5477F2,01,1,Amount Required
78,5484D4,5477F4,0C,12,Item Required
78,5484D6,5477F6,03,3,Amount Required
79,5484D8,5477F8,0D,13,Item Required
79,5484DA,5477FA,03,3,Amount Required
80,5484DC,5477FC,E9,233,Item Required
80,5484DE,5477FE,09,9,Amount Required
81,5484E0,547800,FC,252,Item Required
81,5484E2,547802,01,1,Amount Required
82,5484E4,547804,FE,254,Item Required
82,5484E6,547806,02,2,Amount Required
83,5484E8,547808,EA,234,Item Required
83,5484EA,54780A,05,5,Amount Required
84,5484EC,54780C,EB,235,Item Required
84,5484EE,54780E,03,3,Amount Required
85,5484F0,547810,FC,252,Item Required
85,5484F2,547812,02,2,Amount Required
86,5484F4,547814,9C,156,Item Required
86,5484F6,547816,01,1,Amount Required
87,5484F8,547818,EC,236,Item Required
87,5484FA,54781A,05,5,Amount Required
88,5484FC,54781C,ED,237,Item Required
88,5484FE,54781E,03,3,Amount Required
89,548500,547820,EE,238,Item Required
89,548502,547822,05,5,Amount Required
90,548504,547824,EF,239,Item Required
90,548506,547826,03,3,Amount Required
91,548508,547828,9C,156,Item Required
91,54850A,54782A,01,1,Amount Required
92,54850C,54782C,F8,248,Item Required
92,54850E,54782E,05,5,Amount Required
93,548510,547830,F9,249,Item Required
93,548512,547832,03,3,Amount Required
94,548514,547834,FA,250,Item Required
94,548516,547836,01,1,Amount Required
95,548518,547838,9D,157,Item Required
95,54851A,54783A,03,3,Amount Required
96,54851C,54783C,0B,11,Item Required
96,54851E,54783E,01,1,Amount Required
97,548520,547840,0F,15,Item Required
97,548522,547842,01,1,Amount Required
98,548524,547844,10,16,Item Required
98,548526,547846,01,1,Amount Required
99,548528,547848,FF,255,Item Required
99,54852A,54784A,08,8,Amount Required
100,54852C,54784C,9C,156,Item Required
100,54852E,54784E,03,3,Amount Required
101,548530,547850,F2,242,Item Required
101,548532,547852,05,5,Amount Required
102,548534,547854,F4,244,Item Required
102,548536,547856,05,5,Amount Required
103,548538,547858,F6,246,Item Required
103,54853A,54785A,05,5,Amount Required
104,54853C,54785C,FC,252,Item Required
104,54853E,54785E,01,1,Amount Required
105,548540,547860,9B,155,Item Required
105,548542,547862,03,3,Amount Required
106,548544,547864,09,9,Item Required
106,548546,547866,03,3,Amount Required
107,548548,547868,0A,10,Item Required
107,54854A,54786A,03,3,Amount Required
108,54854C,54786C,9D,157,Item Required
108,54854E,54786E,03,3,Amount Required
109,548550,547870,0B,11,Item Required
109,548552,547872,05,5,Amount Required
110,548554,547874,0C,12,Item Required
110,548556,547876,03,3,Amount Required
111,548558,547878,0D,13,Item Required
111,54855A,54787A,03,3,Amount Required
112,54855C,54787C,0E,14,Item Required
112,54855E,54787E,03,3,Amount Required
113,548560,547880,0F,15,Item Required
113,548562,547882,05,5,Amount Required
114,548564,547884,F6,246,Item Required
114,548566,547886,05,5,Amount Required
115,548568,547888,FB,251,Item Required
115,54856A,54788A,05,5,Amount Required
116,54856C,54788C,9B,155,Item Required
116,54856E,54788E,03,3,Amount Required
117,548570,547890,10,16,Item Required
117,548572,547892,03,3,Amount Required
118,548574,547894,9C,156,Item Required
118,548576,547896,03,3,Amount Required
